"Cluster","category","subcategory","ID","Description","GeneRatio","BgRatio","RichFactor","FoldEnrichment","zScore","pvalue","p.adjust","qvalue","geneID","Count"
"AD (Up)","Metabolism","Energy metabolism","hsa00190","Oxidative phosphorylation","23/407","138/9400",0.166666666666667,3.84930384930385,7.17317873566509,2.16122959958152e-08,4.39152057448856e-06,4.39152057448856e-06,"COX7C/NDUFB1/COX7B/UQCRQ/ATP6V0E1/NDUFB7/NDUFA6/COX6C/COX6B1/NDUFB3/NDUFC1/COX4I1/UQCRH/COX17/NDUFB2/NDUFA8/NDUFS6/NDUFA12/NDUFB4/NDUFA1/NDUFB10/PPA2/UQCRB",23
"AD (Up)","Organismal Systems","Environmental adaptation","hsa04714","Thermogenesis","31/407","235/9400",0.131914893617021,3.04668304668305,6.75933578272243,2.50229092563451e-08,4.39152057448856e-06,4.39152057448856e-06,"COX7C/NDUFAF2/SOS1/RPS6KA2/NDUFB1/COA5/COA6/COX7B/UQCRQ/NDUFB7/SLC25A29/NDUFA6/KDM3A/COX6C/COX6B1/NDUFB3/NDUFC1/COX4I1/UQCRH/COX17/NDUFB2/ACSL3/NDUFA8/PPARGC1A/NDUFS6/NDUFA12/NDUFB4/ADCY8/NDUFA1/NDUFB10/UQCRB",31
"AD (Up)","Human Diseases","Endocrine and metabolic disease","hsa04932","Non-alcoholic fatty liver disease","24/407","157/9400",0.152866242038217,3.53057168343793,6.80217383466397,5.98407019114222e-08,7.0013621236364e-06,7.0013621236364e-06,"COX7C/ADIPOR2/NDUFB1/RXRA/COX7B/IRS2/UQCRQ/NDUFB7/NDUFA6/COX6C/COX6B1/NDUFB3/NDUFC1/COX4I1/UQCRH/NDUFB2/NDUFA8/SREBF1/NDUFS6/NDUFA12/NDUFB4/NDUFA1/NDUFB10/UQCRB",24
"AD (Up)","Human Diseases","Neurodegenerative disease","hsa05020","Prion disease","32/407","275/9400",0.116363636363636,2.68751396024123,6.04203194826832,2.89823668959383e-07,2.54320269511858e-05,2.54320269511858e-05,"COX7C/HSPA8/NDUFB1/HSPA1B/ATF6B/FYN/COX7B/SEM1/UQCRQ/NDUFB7/HSPA1A/NDUFA6/RYR3/COX6C/COX6B1/STIP1/HSPA5/NDUFB3/NDUFC1/COX4I1/UQCRH/NDUFB2/PSMA3/CACNA1B/NDUFA8/NDUFS6/NDUFA12/NDUFB4/NDUFA1/SOD1/NDUFB10/UQCRB",32
"AD (Up)","Genetic Information Processing","Translation","hsa03010","Ribosome","27/407","223/9400",0.121076233183857,2.79635526272298,5.77537287813333,1.16162181181648e-06,8.15458511895169e-05,8.15458511895168e-05,"RPL35A/RPL23/RPS29/RPL37A/RPL11/MRPS33/RPL36AL/RPS13/RPL32/MRPL34/RPL24/MRPL51/RPS27A/MRPL20/MRPL33/RPL30/RPL23A/MRPS16/RPS24/RPS25/RPS23/MRPS31/MRPS5/RPL38/RPLP1/RPL10/RPLP2",27
"AD (Up)","Human Diseases","Neurodegenerative disease","hsa05012","Parkinson disease","30/407","268/9400",0.111940298507463,2.58535333162199,5.60139562616666,1.57204705888772e-06,8.26256820810582e-05,8.26256820810582e-05,"COX7C/CAMK2G/NDUFB1/COX7B/SEM1/UQCRQ/PLCG1/NDUFB7/NDUFA6/SLC39A11/RPS27A/RYR3/COX6C/COX6B1/HSPA5/NDUFB3/NDUFC1/COX4I1/UQCRH/NDUFB2/PSMA3/NDUFA8/NDUFS6/NDUFA12/SLC39A12/NDUFB4/NDUFA1/SOD1/NDUFB10/UQCRB",30
"AD (Up)","Human Diseases","Cancer: overview","hsa05208","Chemical carcinogenesis - reactive oxygen species","27/407","227/9400",0.118942731277533,2.74708028011993,5.66833913768788,1.64780562554817e-06,8.26256820810582e-05,8.26256820810582e-05,"COX7C/SOS1/NDUFB1/PTPRJ/COX7B/UQCRQ/NDUFB7/NDUFA6/COX6C/COX6B1/NDUFB3/VEGFA/NDUFC1/COX4I1/UQCRH/NDUFB2/NQO1/NDUFA8/EGFR/NDUFS6/NDUFA12/NDUFB4/NDUFA1/SOD1/NDUFB10/PTEN/UQCRB",27
"AD (Up)","Human Diseases","Cardiovascular disease","hsa05415","Diabetic cardiomyopathy","24/407","205/9400",0.117073170731707,2.70390124048661,5.24724346742553,8.27473211111028e-06,0.000363053871374964,0.000363053871374964,"COX7C/CAMK2G/NDUFB1/COX7B/PDK3/UQCRQ/NDUFB7/NDUFA6/PDK4/COX6C/COX6B1/NDUFB3/NDUFC1/COX4I1/UQCRH/NDUFB2/NDUFA8/NDUFS6/NDUFA12/NDUFB4/NDUFA1/NDUFB10/PTEN/UQCRB",24
"AD (Up)","Human Diseases","Neurodegenerative disease","hsa05016","Huntington disease","29/407","308/9400",0.0941558441558442,2.17460672006127,4.45886022666703,6.52450911764127e-05,0.00232454405319797,0.00232454405319797,"COX7C/POLR2L/NDUFB1/COX7B/SEM1/UQCRQ/NDUFB7/NDUFA6/COX6C/CREBBP/COX6B1/NRF1/HAP1/NDUFB3/NDUFC1/COX4I1/UQCRH/NDUFB2/PSMA3/CACNA1B/NDUFA8/PPARGC1A/NDUFS6/NDUFA12/NDUFB4/NDUFA1/SOD1/NDUFB10/UQCRB",29
"AD (Up)","Genetic Information Processing","Folding, sorting and degradation","hsa04141","Protein processing in endoplasmic reticulum","20/407","175/9400",0.114285714285714,2.63952263952264,4.65735119335279,6.62263263019364e-05,0.00232454405319797,0.00232454405319797,"HSPA8/PDIA6/UBE2D3/HSPA1B/ATF6B/HSP90B1/CAPN2/HSPA1A/ERLEC1/TMEM258/UBXN2A/CRYAB/HSPA5/OST4/HSPH1/ERO1B/SEC61G/DNAJC1/HSP90AA1/DNAJA1",20
"AD (Up)","Organismal Systems","Nervous system","hsa04723","Retrograde endocannabinoid signaling","18/407","149/9400",0.120805369127517,2.79009943439474,4.68556192318316,7.41353881337216e-05,0.00236559283953966,0.00236559283953966,"NAPEPLD/NDUFB1/NDUFB7/GNG7/NDUFA6/GNG5/NDUFB3/NDUFC1/NDUFB2/CACNA1B/NDUFA8/GABRG1/NDUFS6/NDUFA12/NDUFB4/ADCY8/NDUFA1/NDUFB10",18
"AD (Up)","Human Diseases","Neurodegenerative disease","hsa05014","Amyotrophic lateral sclerosis","32/407","368/9400",0.0869565217391304,2.00833244311505,4.19779686075086,0.000126445016745398,0.00369851673980289,0.00369851673980289,"NUP210L/COX7C/NDUFB1/COX7B/SEM1/UQCRQ/SRSF3/NDUFB7/NDUFA6/ATXN2L/COX6C/COX6B1/HNRNPA2B1/HSPA5/CCS/HAP1/C9orf72/NDUFB3/NDUFC1/COX4I1/UQCRH/NDUFB2/PSMA3/NDUFA8/NUP88/NDUFS6/NDUFA12/NDUFB4/NDUFA1/SOD1/NDUFB10/UQCRB",32
"AD (Up)","Organismal Systems","Circulatory system","hsa04260","Cardiac muscle contraction","12/407","87/9400",0.137931034482759,3.18563077183767,4.35689761237963,0.000344195191714161,0.00929327017628234,0.00929327017628234,"COX7C/ATP1B3/COX7B/UQCRQ/COX6C/COX6B1/CACNA2D3/TRDN/COX4I1/UQCRH/TPM1/UQCRB",12
"AD (Up)","Cellular Processes","Cellular community - eukaryotes","hsa04510","Focal adhesion","20/407","203/9400",0.0985221674876847,2.27545055131262,3.90817753755689,0.000495801416327146,0.0124304497950592,0.0124304497950592,"PDGFRB/ARHGAP5/TLN2/PPP1R12B/SOS1/ITGAV/COL4A5/FYN/CAPN2/ITGB5/ITGA9/MYL12A/FLNB/COL6A1/VEGFA/ITGB8/EGFR/VAV3/LAMA2/PTEN",20
"AD (Up)","Human Diseases","Infectious disease: viral","hsa05171","Coronavirus disease","22/407","239/9400",0.0920502092050209,2.12597534773267,3.75095732978548,0.000673208780908192,0.0157530854732517,0.0157530854732517,"RPL35A/RPL23/RPS29/TLR4/RPL37A/RPL11/RPL36AL/RPS13/PLCG1/RPL32/RPL24/RPS27A/RPL30/RPL23A/RPS24/RPS25/RPS23/EGFR/RPL38/RPLP1/RPL10/RPLP2",22
"AD (Up)","Human Diseases","Neurodegenerative disease","hsa05022","Pathways of neurodegeneration - multiple diseases","36/407","480/9400",0.075,1.73218673218673,3.5030455063169,0.000861034183878274,0.0188889374088296,0.0188889374088296,"COX7C/PPID/CAMK2G/NDUFB1/CAPN2/COX7B/SEM1/UQCRQ/PLCG1/NDUFB7/NDUFA6/RPS27A/ATXN2L/RYR3/FZD3/COX6C/COX6B1/HSPA5/CCS/HAP1/C9orf72/NDUFB3/NDUFC1/COX4I1/UQCRH/NDUFB2/PSMA3/CACNA1B/NDUFA8/NDUFS6/NDUFA12/NDUFB4/NDUFA1/SOD1/NDUFB10/UQCRB",36
"AD (Up)","Organismal Systems","Digestive system","hsa04978","Mineral absorption","9/407","61/9400",0.147540983606557,3.40758045676078,4.01311192079275,0.00114821199072372,0.0237072005143545,0.0237072005143545,"MT1E/MT1G/ATP1B3/MT1M/SLC30A1/HEPH/MT1F/MT2A/MT1H",9
"AD (Up)","Environmental Information Processing","Signal transduction","hsa04330","Notch signaling pathway","9/407","63/9400",0.142857142857143,3.2994032994033,3.89553829674429,0.00145207602960788,0.0283154825773537,0.0283154825773537,"NUMB/DTX3/KAT2B/SPEN/TLE4/RBPJ/CREBBP/CTBP2/KAT2A",9
"AD (Up)","Environmental Information Processing","Signal transduction","hsa04340","Hedgehog signaling pathway","8/407","56/9400",0.142857142857143,3.2994032994033,3.67137276171759,0.00263996177707718,0.0487698201975837,0.0487698201975837,"SMURF1/PTCH2/EFCAB7/GRK3/ARRB1/PTCH1/CUL3/MGRN1",8
"AD (Up)","Human Diseases","Neurodegenerative disease","hsa05010","Alzheimer disease","29/407","388/9400",0.0747422680412371,1.726234200461,3.10790475708738,0.00284689139894743,0.0498990747799419,0.0498990747799419,"COX7C/PPID/NDUFB1/CAPN2/COX7B/SEM1/IRS2/UQCRQ/NDUFB7/NDUFA6/SLC39A11/RYR3/FZD3/COX6C/COX6B1/NDUFB3/NDUFC1/COX4I1/UQCRH/NDUFB2/PSMA3/NDUFA8/NDUFS6/NDUFA12/SLC39A12/NDUFB4/NDUFA1/NDUFB10/UQCRB",29
"AD (Up)","Genetic Information Processing","Chromosome","hsa03083","Polycomb repressive complex","10/407","83/9400",0.120481927710843,2.78262928865338,3.47014617220782,0.00298541473042387,0.0498990747799419,0.0498990747799419,"UBE2D3/PHC1/SFMBT2/MAX/CREBBP/YAF2/ASXL2/LCOR/USP45/OGT",10
"AD (Down)","Human Diseases","Neurodegenerative disease","hsa05012","Parkinson disease","20/168","268/9400",0.0746268656716418,4.17555081734186,7.11460970387115,5.73450329929532e-08,1.63703779076002e-05,1.63703779076002e-05,"MT-ND1/MT-CO2/TUBA1B/TUBB/MT-ND2/TUBA1A/MT-ND3/MT-CYB/TUBB2A/SLC39A14/MT-ND4/MAOB/GNAI2/MT-ATP6/MT-CO3/TUBB4B/MT-ND4L/TUBB2B/MT-ND5/MT-CO1",20
"AD (Down)","Human Diseases","Infectious disease: bacterial","hsa05130","Pathogenic Escherichia coli infection","17/168","200/9400",0.085,4.75595238095238,7.24250376153732,9.32785065960123e-08,1.63703779076002e-05,1.63703779076002e-05,"TMBIM6/TUBA1B/TUBB/TUBA1A/TNFRSF1A/TUBB2A/GAPDH/EZR/ACTB/CASP7/NCL/FAS/ACTG1/ARF1/MYH9/TUBB4B/TUBB2B",17
"AD (Down)","Human Diseases","Neurodegenerative disease","hsa05010","Alzheimer disease","23/168","388/9400",0.0592783505154639,3.31676485027001,6.28687455167655,3.71802562736792e-07,4.35008998402047e-05,4.35008998402047e-05,"MT-ND1/MT-CO2/TUBA1B/TUBB/MT-ND2/TUBA1A/MT-ND3/TNFRSF1A/MT-CYB/TUBB2A/GAPDH/SLC39A14/CASP7/MT-ND4/FAS/APC2/MT-ATP6/MT-CO3/TUBB4B/MT-ND4L/TUBB2B/MT-ND5/MT-CO1",23
"AD (Down)","Human Diseases","Neurodegenerative disease","hsa05020","Prion disease","18/168","275/9400",0.0654545454545455,3.66233766233766,6.04450323000392,1.88861124334435e-06,0.000163580496567957,0.000163580496567956,"MT-ND1/MT-CO2/TUBA1B/TUBB/MT-ND2/TUBA1A/MT-ND3/MT-CYB/TUBB2A/MT-ND4/MT-ATP6/MT-CO3/TUBB4B/MT-ND4L/TUBB2B/MT-ND5/PRNP/MT-CO1",18
"AD (Down)","Human Diseases","Neurodegenerative disease","hsa05016","Huntington disease","19/168","308/9400",0.0616883116883117,3.45160791589363,5.90125290785712,2.33020650381704e-06,0.000163580496567957,0.000163580496567956,"MT-ND1/MT-CO2/TUBA1B/TUBB/MT-ND2/TUBA1A/MT-ND3/MT-CYB/TUBB2A/MT-ND4/SOD2/MT-ATP6/SLC1A3/MT-CO3/TUBB4B/MT-ND4L/TUBB2B/MT-ND5/MT-CO1",19
"AD (Down)","Human Diseases","Infectious disease: viral","hsa05171","Coronavirus disease","16/168","239/9400",0.0669456066945607,3.74576608886232,5.80014183356438,5.45500416471865e-06,0.000272650779275572,0.000272650779275572,"NRP1/STAT1/TNFRSF1A/RPL7A/MX1/RPL28/ISG15/RPS2/C1S/RPL15/C1R/RPL13/RPS19/C3/RPL18/RPSA",16
"AD (Down)","Cellular Processes","Cell growth and death","hsa04210","Apoptosis","12/168","137/9400",0.0875912408759124,4.90093847758081,6.20441901726673,5.76218149858298e-06,0.000272650779275572,0.000272650779275572,"DAB2IP/TUBA1B/TUBA1A/TNFRSF1A/ACTB/CASP7/GADD45A/MCL1/FAS/ACTG1/GADD45B/MAP3K14",12
"AD (Down)","Metabolism","Energy metabolism","hsa00190","Oxidative phosphorylation","12/168","138/9400",0.0869565217391304,4.86542443064182,6.17066415089892,6.21426277551162e-06,0.000272650779275572,0.000272650779275572,"MT-ND1/MT-CO2/MT-ND2/MT-ND3/MT-CYB/MT-ND4/MT-ATP6/MT-CO3/ATP6V0E2/MT-ND4L/MT-ND5/MT-CO1",12
"AD (Down)","Human Diseases","Neurodegenerative disease","hsa05014","Amyotrophic lateral sclerosis","20/168","368/9400",0.0543478260869565,3.04089026915114,5.38764743086234,8.53263414202741e-06,0.000332772731539069,0.000332772731539069,"MT-ND1/MT-CO2/TUBA1B/TUBB/MT-ND2/TUBA1A/MT-ND3/TNFRSF1A/MT-CYB/TUBB2A/ACTB/MT-ND4/ACTG1/MT-ATP6/MT-CO3/TUBB4B/MT-ND4L/TUBB2B/MT-ND5/MT-CO1",20
"AD (Down)","Human Diseases","Cancer: overview","hsa05208","Chemical carcinogenesis - reactive oxygen species","15/168","227/9400",0.066079295154185,3.69729389553178,5.54923439069693,1.27052432853979e-05,0.000445954039317466,0.000445954039317466,"MT-ND1/MT-CO2/MT-ND2/MT-ND3/CBR1/MT-CYB/GSTM3/MT-ND4/SOD2/MT-ATP6/MT-CO3/MT-ND4L/MAP3K14/MT-ND5/MT-CO1",15
"AD (Down)","Human Diseases","Cardiovascular disease","hsa05415","Diabetic cardiomyopathy","14/168","205/9400",0.0682926829268293,3.82113821138211,5.50900282210549,1.72715837483748e-05,0.000551120535970869,0.000551120535970869,"MT-ND1/MT-CO2/AGT/MT-ND2/MT-ND3/MT-CYB/GAPDH/MT-ND4/SMAD3/MT-ATP6/MT-CO3/MT-ND4L/MT-ND5/MT-CO1",14
"AD (Down)","Human Diseases","Neurodegenerative disease","hsa05022","Pathways of neurodegeneration - multiple diseases","22/168","480/9400",0.0458333333333333,2.56448412698413,4.74631896384401,4.24906844191051e-05,0.00124285251925882,0.00124285251925882,"MT-ND1/MT-CO2/TUBA1B/TUBB/MT-ND2/TUBA1A/MT-ND3/TNFRSF1A/MT-CYB/TUBB2A/CASP7/MT-ND4/FAS/APC2/MT-ATP6/MT-CO3/TUBB4B/MT-ND4L/TUBB2B/MT-ND5/PRNP/MT-CO1",22
"AD (Down)","Cellular Processes","Transport and catabolism","hsa04145","Phagocytosis","15/168","259/9400",0.0579150579150579,3.24048538334253,4.93222307074432,5.93970712412374e-05,0.00160372092351341,0.00160372092351341,"HLA-E/LAMP1/TUBA1B/TUBB/TUBA1A/TUBB2A/ACTB/HLA-C/COLEC12/ACTG1/C3/TUBB4B/ATP6V0E2/TUBB2B/HLA-A",15
"AD (Down)","Human Diseases","Infectious disease: viral","hsa05168","Herpes simplex virus 1 infection","12/168","180/9400",0.0666666666666667,3.73015873015873,4.9889167534954,8.86399871722279e-05,0.00222233110696086,0.00222233110696086,"HLA-E/STAT1/TNFRSF1A/HLA-C/B2M/FAS/PML/CD74/C3/BST2/SOCS3/HLA-A",12
"AD (Down)","Environmental Information Processing","Signaling molecules and interaction","hsa04517","IgSF CAM signaling","15/168","299/9400",0.0501672240802676,2.80697563306259,4.28342237466637,0.00029158961039678,0.00621111921416114,0.00621111921416114,"NRP1/TUBA1B/TUBB/TUBA1A/MBP/PMP22/TUBB2A/EZR/ACTB/ACTG1/PMP2/MYH9/TUBB4B/ACTN1/TUBB2B",15
"AD (Down)","Organismal Systems","Environmental adaptation","hsa04714","Thermogenesis","13/168","235/9400",0.0553191489361702,3.0952380952381,4.38781841012867,0.000293377903806659,0.00621111921416114,0.00621111921416114,"MT-ND1/MT-CO2/MT-ND2/MT-ND3/MT-CYB/ACTB/MT-ND4/ACTG1/MT-ATP6/MT-CO3/MT-ND4L/MT-ND5/MT-CO1",13
"AD (Down)","Human Diseases","Infectious disease: viral","hsa05169","Epstein-Barr virus infection","12/168","205/9400",0.0585365853658537,3.27526132404181,4.44303685817401,0.000300823437722904,0.00621111921416114,0.00621111921416114,"CD44/HLA-E/STAT1/VIM/ISG15/HLA-C/GADD45A/B2M/FAS/GADD45B/MAP3K14/HLA-A",12
"AD (Down)","Human Diseases","Infectious disease: bacterial","hsa05133","Pertussis","7/168","78/9400",0.0897435897435897,5.02136752136752,4.81076437033517,0.000467636892047156,0.00909194503884585,0.00909194503884585,"SERPING1/CASP7/C1S/C1R/GNAI2/C3/NOD1",7
"AD (Down)","Human Diseases","Infectious disease: bacterial","hsa05132","Salmonella infection","13/168","248/9400",0.0524193548387097,2.93298771121352,4.16144822313697,0.000492156569054334,0.00909194503884585,0.00909194503884585,"TUBA1B/TUBB/TUBA1A/TNFRSF1A/TUBB2A/GAPDH/ACTB/CASP7/ACTG1/ARF1/TUBB4B/NOD1/TUBB2B",13
"AD (Down)","Cellular Processes","Cell motility","hsa04810","Regulation of actin cytoskeleton","12/168","232/9400",0.0517241379310345,2.89408866995074,3.94052932761958,0.000910973941346992,0.0154615369986826,0.0154615369986826,"ITGA6/FGF2/EZR/ACTB/LIMK2/ACTG1/APC2/MYH9/FGFR2/ACTN1/ITGB4/FGFR3",12
"AD (Down)","Cellular Processes","Cellular community - eukaryotes","hsa04530","Tight junction","10/168","170/9400",0.0588235294117647,3.29131652661064,4.0668323121507,0.000925049222143405,0.0154615369986826,0.0154615369986826,"TUBA1B/TUBA1A/EZR/ACTB/ACTG1/YBX3/MYH9/ACTN1/ERBB2/PPP2R1A",10
"AD (Down)","Cellular Processes","Cellular community - eukaryotes","hsa04540","Gap junction","7/168","89/9400",0.0786516853932584,4.40074906367041,4.34829494789499,0.00103518143356267,0.0157977688339346,0.0157977688339346,"TUBA1B/TUBB/TUBA1A/TUBB2A/GNAI2/TUBB4B/TUBB2B",7
"AD (Down)","Organismal Systems","Immune system","hsa04610","Complement and coagulation cascades","7/168","89/9400",0.0786516853932584,4.40074906367041,4.34829494789499,0.00103518143356267,0.0157977688339346,0.0157977688339346,"SERPINE2/SERPING1/PROS1/C1S/C1R/F3/C3",7
"AD (Down)","Human Diseases","Cardiovascular disease","hsa05416","Viral myocarditis","6/168","70/9400",0.0857142857142857,4.79591836734694,4.30004133242164,0.00151875088500308,0.0219312934367796,0.0219312934367796,"HLA-E/ACTB/HLA-C/ACTG1/SSPN/HLA-A",6
"AD (Down)","Human Diseases","Infectious disease: viral","hsa05170","Human immunodeficiency virus 1 infection","11/168","214/9400",0.0514018691588785,2.87605696484201,3.74487438886747,0.00156205793709256,0.0219312934367796,0.0219312934367796,"HLA-E/GNB2/TRIM5/TNFRSF1A/LIMK2/HLA-C/GNAI2/B2M/FAS/BST2/HLA-A",11
"AD (Down)","Human Diseases","Infectious disease: bacterial","hsa05110","Vibrio cholerae infection","5/168","51/9400",0.0980392156862745,5.48552754435107,4.3327497294593,0.00207748763177152,0.0280460830289155,0.0280460830289155,"KDELR1/ACTB/ACTG1/ARF1/ATP6V0E2",5
"AD (Down)","Human Diseases","Cancer: specific types","hsa05212","Pancreatic cancer","6/168","77/9400",0.0779220779220779,4.35992578849722,3.99341802033839,0.00247889816081954,0.0307148510629881,0.0307148510629881,"STAT1/RALGDS/SMAD3/GADD45A/GADD45B/ERBB2",6
"AD (Down)","Cellular Processes","Cell motility","hsa04814","Motor proteins","10/168","194/9400",0.0515463917525773,2.88414334806087,3.57706546880212,0.00248649344477135,0.0307148510629881,0.0307148510629881,"TUBA1B/TUBB/TUBA1A/TUBB2A/ACTB/ACTG1/MYH9/TUBB4B/TUBB2B/KIF1A",10
"AD (Down)","Human Diseases","Infectious disease: viral","hsa05165","Human papillomavirus infection","14/168","333/9400",0.042042042042042,2.35235235235235,3.38943833785425,0.00253769424736939,0.0307148510629881,0.0307148510629881,"HLA-E/ITGA6/STAT1/TNFRSF1A/MX1/ISG15/HLA-C/PKM/FAS/APC2/ATP6V0E2/ITGB4/HLA-A/PPP2R1A",14
"AD (Down)","Human Diseases","Infectious disease: viral","hsa05167","Kaposi sarcoma-associated herpesvirus infection","10/168","196/9400",0.0510204081632653,2.85471331389699,3.53968070066969,0.00267901595479697,0.0313444866711245,0.0313444866711245,"HLA-E/GNB2/STAT1/TNFRSF1A/FGF2/ZFP36/HLA-C/FAS/C3/HLA-A",10
"AD (Down)","Cellular Processes","Cell motility","hsa04820","Cytoskeleton in muscle cells","11/168","233/9400",0.0472103004291846,2.64152871449009,3.42263349859096,0.00304246426797395,0.0344485470341567,0.0344485470341567,"ITGA6/PLEC/LMOD1/ACTB/VIM/ATP1B2/ACTG1/MYH9/SSPN/ITGB4/ENO1",11
"AD (Down)","Human Diseases","Infectious disease: viral","hsa05164","Influenza A","9/168","173/9400",0.0520231213872832,2.91081750619323,3.42183898954436,0.00381426411217093,0.0418377094803749,0.0418377094803749,"STAT1/TNFRSF1A/MX1/ACTB/FAS/ACTG1/PML/SOCS3/IL33",9
"PD (Up)","Environmental Information Processing","Signal transduction","hsa04010","MAPK signaling pathway","26/311","300/9400",0.0866666666666667,2.61950696677385,5.27333934319661,6.50105508760848e-06,0.00228187033575058,0.00228187033575058,"HSPA8/GNG12/RPS6KA2/BRAF/CACNA1C/EGFR/SOS1/HSPA1A/FGFR1/VEGFA/EFNA5/RAF1/HSPB1/MAP2K5/HSPA1B/MKNK2/MAP4K3/CACNA1B/MAPT/AKT2/PPM1B/PDGFRB/RAPGEF2/ARRB1/TAOK3/NF1",26
"PD (Up)","Organismal Systems","Nervous system","hsa04720","Long-term potentiation","10/311","67/9400",0.149253731343284,4.51120602773912,5.33514281509932,6.3227407222719e-05,0.0110964099675872,0.0110964099675872,"RPS6KA2/BRAF/CACNA1C/CAMK2G/RAPGEF3/CAMK2D/GRIN2C/RAF1/CREBBP/ADCY8",10
"PD (Up)","Organismal Systems","Development and regeneration","hsa04360","Axon guidance","17/311","184/9400",0.0923913043478261,2.79253460086677,4.54222029657763,0.000123132504811628,0.0123662642937697,0.0123662642937697,"CAMK2G/EPHA6/FYN/SRGAP3/SEMA3D/CAMK2D/EPHB1/EFNA5/RAF1/NFATC4/SRGAP1/SMO/PTK2/NFATC2/ABLIM1/SSH1/PLXNA2",17
"PD (Up)","Human Diseases","Cancer: overview","hsa05205","Proteoglycans in cancer","18/311","204/9400",0.0882352941176471,2.66691885757518,4.4523882681562,0.000140926088817889,0.0123662642937697,0.0123662642937697,"BRAF/EGFR/CAMK2G/SOS1/FGFR1/HPSE2/CAMK2D/GAB1/VEGFA/ITGB5/TLR4/RAF1/PPP1R12B/SMO/VAV3/AKT2/PTK2/ANK2",18
"PD (Up)","Cellular Processes","Transport and catabolism","hsa04144","Endocytosis","19/311","250/9400",0.076,2.29710610932476,3.8450140381975,0.000625328275760511,0.034072915523252,0.034072915523252,"RAB11FIP3/HSPA8/EPS15/EGFR/AGAP1/HSPA1A/GRK3/RAB31/DNM3/PSD2/NEDD4L/WIPF2/HSPA1B/ARAP2/ASAP2/ACAP3/ARRB1/ARAP1/EPS15L1",19
"PD (Up)","Environmental Information Processing","Signal transduction","hsa04015","Rap1 signaling pathway","17/311","212/9400",0.080188679245283,2.42370927622399,3.87830285121521,0.00065742027870515,0.034072915523252,0.034072915523252,"TLN2/BRAF/SIPA1L3/EGFR/MAGI3/FGFR1/RAPGEF3/VEGFA/EFNA5/RAF1/PRKD1/VAV3/AKT2/PDGFRB/RAPGEF2/ADCY8/MAGI1",17
"PD (Up)","Cellular Processes","Cell motility","hsa04810","Regulation of actin cytoskeleton","18/311","232/9400",0.0775862068965517,2.34504934028163,3.83714201973145,0.000679516833797048,0.034072915523252,0.034072915523252,"GNG12/BRAF/EGFR/ABI2/ARHGAP35/SOS1/DOCK1/FGFR1/ITGB5/RAF1/PPP1R12B/VAV3/BAIAP2/AKT2/PDGFRB/PTK2/ITGB8/SSH1",18
"PD (Up)","Cellular Processes","Cellular community - eukaryotes","hsa04510","Focal adhesion","16/311","203/9400",0.0788177339901478,2.38227234568292,3.6828286476904,0.00113119714914828,0.0485454996890722,0.0485454996890722,"TLN2/BRAF/EGFR/ARHGAP35/SOS1/DOCK1/FYN/VEGFA/ITGB5/RAF1/PPP1R12B/VAV3/AKT2/PDGFRB/PTK2/ITGB8",16
"PD (Up)","Human Diseases","Drug resistance: antineoplastic","hsa01521","EGFR tyrosine kinase inhibitor resistance","9/311","80/9400",0.1125,3.40032154340836,3.98813111578258,0.0012447564022839,0.0485454996890722,0.0485454996890722,"BRAF/EGFR/SOS1/GAB1/VEGFA/RAF1/AKT2/PDGFRB/NF1",9
"PD (Down)","Human Diseases","Neurodegenerative disease","hsa05012","Parkinson disease","38/320","268/9400",0.141791044776119,4.16511194029851,9.86839238737134,4.03525777612817e-14,1.41637547942099e-11,1.41637547942099e-11,"PSMD7/MT-ND5/MT-ND4/PARK7/TUBB2B/GNAI2/MT-CO1/UQCRFS1/CALM1/MAOB/NDUFA5/ITPR1/MT-ATP6/PSMB1/NDUFS3/MT-ND3/NDUFB5/CALM3/MT-CYB/SLC39A14/MT-ND2/COX5B/UBB/TUBA1A/SLC25A5/UBC/MT-ND1/MT-ND4L/UBA52/PSMA7/PSMB5/TUBB4B/TUBB2A/TUBB/MT-CO3/TUBA1B/PINK1/MT-CO2",38
"PD (Down)","Human Diseases","Neurodegenerative disease","hsa05020","Prion disease","29/320","275/9400",0.105454545454545,3.09772727272727,6.62783708273685,5.3402036374724e-08,9.37205738376406e-06,9.37205738376406e-06,"PSMD7/MT-ND5/MT-ND4/TUBB2B/MT-CO1/UQCRFS1/NDUFA5/ITPR1/MT-ATP6/PSMB1/NDUFS3/MT-ND3/NDUFB5/MT-CYB/MT-ND2/COX5B/PRNP/TUBA1A/SLC25A5/MT-ND1/MT-ND4L/PSMA7/PSMB5/TUBB4B/TUBB2A/TUBB/MT-CO3/TUBA1B/MT-CO2",29
"PD (Down)","Human Diseases","Neurodegenerative disease","hsa05010","Alzheimer disease","35/320","388/9400",0.0902061855670103,2.64980670103093,6.23033249341247,1.12764287521367e-07,1.31934216399999e-05,1.31934216399999e-05,"PSMD7/MT-ND5/MT-ND4/TUBB2B/MT-CO1/UQCRFS1/CALM1/NDUFA5/ITPR1/MT-ATP6/PSMB1/NDUFS3/MT-ND3/NDUFB5/GAPDH/KRAS/CALM3/MT-CYB/SLC39A14/MT-ND2/COX5B/TUBA1A/SLC25A5/MT-ND1/MT-ND4L/PSMA7/PSMB5/TUBB4B/TUBB2A/TUBB/MT-CO3/APOE/TUBA1B/APH1B/MT-CO2",35
"PD (Down)","Metabolism","Energy metabolism","hsa00190","Oxidative phosphorylation","19/320","138/9400",0.13768115942029,4.04438405797101,6.76331295331751,1.93784444746448e-07,1.4079506987282e-05,1.4079506987282e-05,"MT-ND5/MT-ND4/MT-CO1/UQCRFS1/NDUFA5/MT-ATP6/PPA1/NDUFS3/MT-ND3/NDUFB5/MT-CYB/ATP6V0B/MT-ND2/COX5B/MT-ND1/ATP6V0E2/MT-ND4L/MT-CO3/MT-CO2",19
"PD (Down)","Human Diseases","Cancer: overview","hsa05208","Chemical carcinogenesis - reactive oxygen species","25/320","227/9400",0.110132158590308,3.23513215859031,6.39931264623976,2.0056277759661e-07,1.4079506987282e-05,1.4079506987282e-05,"MT-ND5/MT-ND4/MT-CO1/UQCRFS1/NDUFA5/EPHX1/MT-ATP6/NDUFS3/MT-ND3/SOD2/NDUFB5/KRAS/MT-CYB/MT-ND2/COX5B/MGST3/NFKBIA/SLC25A5/MT-ND1/MT-ND4L/GSTM3/MAP3K14/MT-CO3/CBR1/MT-CO2",25
"PD (Down)","Human Diseases","Infectious disease: viral","hsa05171","Coronavirus disease","25/320","239/9400",0.104602510460251,3.07269874476987,6.09307582895511,5.38318778121616e-07,3.0566927540149e-05,3.0566927540149e-05,"C3/ISG15/JAK1/FAU/RPL7A/MX1/RPL41/RPS5/C1S/RPL13/RPL28/RPS2/STAT1/NFKBIA/RPL15/RPL18/UBA52/C1R/RPS19/RPSA/RPL29/RPS9/RPL19/RPL8/RPS3",25
"PD (Down)","Human Diseases","Neurodegenerative disease","hsa05016","Huntington disease","29/320","308/9400",0.0941558441558442,2.76582792207792,5.91516569062028,6.09596845530036e-07,3.0566927540149e-05,3.0566927540149e-05,"PSMD7/MT-ND5/MT-ND4/TUBB2B/MT-CO1/UQCRFS1/NDUFA5/ITPR1/MT-ATP6/PSMB1/NDUFS3/MT-ND3/SOD2/NDUFB5/MT-CYB/MT-ND2/COX5B/TUBA1A/SLC25A5/MT-ND1/MT-ND4L/PSMA7/PSMB5/TUBB4B/TUBB2A/TUBB/MT-CO3/TUBA1B/MT-CO2",29
"PD (Down)","Human Diseases","Neurodegenerative disease","hsa05022","Pathways of neurodegeneration - multiple diseases","38/320","480/9400",0.0791666666666667,2.32552083333333,5.59625685240563,8.93963613885538e-07,3.62133987906706e-05,3.62133987906706e-05,"PSMD7/MAP1LC3B/MT-ND5/MT-ND4/PARK7/TUBB2B/MT-CO1/UQCRFS1/CALM1/NDUFA5/ITPR1/MT-ATP6/PSMB1/NDUFS3/MT-ND3/NDUFB5/KRAS/CALM3/MT-CYB/MT-ND2/COX5B/UBB/PRNP/TUBA1A/SLC25A5/UBC/MT-ND1/MT-ND4L/UBA52/PSMA7/PSMB5/TUBB4B/TUBB2A/TUBB/MT-CO3/TUBA1B/PINK1/MT-CO2",38
"PD (Down)","Human Diseases","Neurodegenerative disease","hsa05014","Amyotrophic lateral sclerosis","32/320","368/9400",0.0869565217391304,2.55434782608696,5.71022268076378,9.28548686940272e-07,3.62133987906706e-05,3.62133987906706e-05,"PSMD7/MAP1LC3B/MT-ND5/MT-ND4/TUBB2B/MT-CO1/UQCRFS1/NDUFA5/MT-ATP6/PSMB1/NDUFS3/MT-ND3/NDUFB5/MT-CYB/ACTB/MT-ND2/COX5B/TUBA1A/MT-ND1/MT-ND4L/SRSF7/PSMA7/PSMB5/ACTG1/ANXA7/TUBB4B/TUBB2A/TUBB/MT-CO3/TUBA1B/PINK1/MT-CO2",32
"PD (Down)","Cellular Processes","Transport and catabolism","hsa04145","Phagocytosis","24/320","259/9400",0.0926640926640927,2.72200772200772,5.27546822920272,7.76589815882209e-06,0.000272583025374656,0.000272583025374655,"MAP1LC3B/C3/HLA-E/GABARAPL2/TUBB2B/LAMP1/CD63/HLA-A/HLA-C/COLEC12/ATP6V0B/ACTB/TUBA1A/ATP6V0E2/DYNLT1/CALR/CTSL/CANX/ACTG1/TUBB4B/TUBB2A/TUBB/CTSB/TUBA1B",24
"PD (Down)","Cellular Processes","Cell growth and death","hsa04210","Apoptosis","16/320","137/9400",0.116788321167883,3.43065693430657,5.37998429136466,1.58149248676365e-05,0.000504639875321856,0.000504639875321856,"PARP1/ITPR1/GADD45B/RIPK1/KRAS/ACTB/DAB2IP/TUBA1A/NFKBIA/CTSL/GADD45A/ACTG1/MAP3K14/CTSF/CTSB/TUBA1B",16
"PD (Down)","Human Diseases","Cardiovascular disease","hsa05415","Diabetic cardiomyopathy","20/320","205/9400",0.0975609756097561,2.86585365853659,5.07050869600434,2.13917622422568e-05,0.00062570904558601,0.00062570904558601,"MT-ND5/MT-ND4/MT-CO1/UQCRFS1/PARP1/NDUFA5/MT-ATP6/NDUFS3/MT-ND3/NDUFB5/GAPDH/MT-CYB/MT-ND2/COX5B/AGT/SLC25A5/MT-ND1/MT-ND4L/MT-CO3/MT-CO2",20
"PD (Down)","Human Diseases","Infectious disease: bacterial","hsa05130","Pathogenic Escherichia coli infection","19/320","200/9400",0.095,2.790625,4.80505781489359,4.9693776409953e-05,0.00134173196306873,0.00134173196306873,"TUBB2B/GAPDH/RIPK1/ARF1/ACTB/RHOA/NCL/TUBA1A/NFKBIA/TMED10/WASF2/ACTG1/TUBB4B/TUBB2A/TUBB/TUBA1B/BRK1/TMBIM6/RPS3",19
"PD (Down)","Genetic Information Processing","Translation","hsa03010","Ribosome","20/320","223/9400",0.0896860986547085,2.63452914798206,4.63732597312435,7.14333439786445e-05,0.00179093598117887,0.00179093598117887,"FAU/RPL7A/MT-RNR1/RPL41/RPS5/RPL13/RPL28/RPS2/MT-RNR2/RPL15/RPL18/UBA52/RACK1/RPS19/RPSA/RPL29/RPS9/RPL19/RPL8/RPS3",20
"PD (Down)","Human Diseases","Infectious disease: viral","hsa05167","Kaposi sarcoma-associated herpesvirus infection","18/320","196/9400",0.0918367346938776,2.69770408163265,4.50894162935619,0.00012130789130924,0.00271439161042695,0.00271439161042695,"MAP1LC3B/C3/HLA-E/JAK1/GNB2/CALM1/HLA-A/HLA-C/ITPR1/ZFP36/KRAS/CALM3/STAT1/UBB/NFKBIA/UBC/FGF2/UBA52",18
"PD (Down)","Human Diseases","Infectious disease: viral","hsa05170","Human immunodeficiency virus 1 infection","19/320","214/9400",0.088785046728972,2.60806074766355,4.46703141673751,0.000123732950902653,0.00271439161042695,0.00271439161042695,"TRIM5/ELOB/HLA-E/BST2/GNB2/GNAI2/B2M/CALM1/HLA-A/HLA-C/ITPR1/LIMK2/RIPK1/KRAS/CALM3/NFKBIA/CALR/CFL1/TAPBP",19
"PD (Down)","Organismal Systems","Environmental adaptation","hsa04714","Thermogenesis","20/320","235/9400",0.0851063829787234,2.5,4.37151371478923,0.000147221419166993,0.00295034646496558,0.00295034646496558,"MT-ND5/MT-ND4/MT-CO1/UQCRFS1/NDUFA5/MT-ATP6/NDUFS3/MT-ND3/MGLL/NDUFB5/KRAS/MT-CYB/ACTB/MT-ND2/COX5B/MT-ND1/MT-ND4L/ACTG1/MT-CO3/MT-CO2",20
"PD (Down)","Metabolism","Global and overview maps","hsa01200","Carbon metabolism","13/320","116/9400",0.112068965517241,3.29202586206897,4.66287563176971,0.000151299818716184,0.00295034646496558,0.00295034646496558,"IDH2/PKM/SDS/MDH1/TALDO1/ENO1/PGAM1/ACOX1/ALDH6A1/GAPDH/ECHS1/ALDOA/ADH5",13
"PD (Down)","Human Diseases","Infectious disease: viral","hsa05169","Epstein-Barr virus infection","18/320","205/9400",0.0878048780487805,2.57926829268293,4.29170507276185,0.000213823402263669,0.00395010601023937,0.00395010601023937,"PSMD7/CCND3/HLA-E/ISG15/JAK1/B2M/HLA-A/HLA-C/GADD45B/RIPK1/STAT1/NFKBIA/CALR/HES1/GADD45A/MAP3K14/VIM/TAPBP",18
"PD (Down)","Human Diseases","Infectious disease: bacterial","hsa05133","Pertussis","10/320","78/9400",0.128205128205128,3.76602564102564,4.60491738867346,0.00029262801161181,0.00513562160378727,0.00513562160378727,"C3/GNAI2/SERPING1/CALM1/C1S/NOD1/CALM3/RHOA/C1R/CFL1",10
"PD (Down)","Human Diseases","Infectious disease: viral","hsa05168","Herpes simplex virus 1 infection","16/320","180/9400",0.0888888888888889,2.61111111111111,4.09703028761352,0.000415571516857573,0.00694598106747657,0.00694598106747657,"C3/HLA-E/BST2/JAK1/B2M/SRSF2/HLA-A/HLA-C/PML/STAT1/CD74/NFKBIA/SOCS3/CALR/SRSF7/TAPBP",16
"PD (Down)","Organismal Systems","Immune system","hsa04612","Antigen processing and presentation","10/320","82/9400",0.121951219512195,3.58231707317073,4.40887747226481,0.000441200267185068,0.00703914971736176,0.00703914971736176,"HLA-E/B2M/HLA-A/HLA-C/CD74/CALR/CTSL/CANX/CTSB/TAPBP",10
"PD (Down)","Organismal Systems","Nervous system","hsa04723","Retrograde endocannabinoid signaling","14/320","149/9400",0.0939597315436242,2.76006711409396,4.06537780576,0.000542731540866991,0.00813707830636602,0.00813707830636602,"MT-ND5/MT-ND4/GNB2/GNAI2/NDUFA5/ITPR1/CACNA1A/NDUFS3/MT-ND3/MGLL/NDUFB5/MT-ND2/MT-ND1/MT-ND4L",14
"PD (Down)","Metabolism","Lipid metabolism","hsa00071","Fatty acid degradation","7/320","43/9400",0.162790697674419,4.78197674418605,4.66613883730003,0.000556381422657506,0.00813707830636602,0.00813707830636602,"ALDH9A1/ALDH2/ACOX1/ECI2/ECHS1/ADH5/ACAA2",7
"PD (Down)","Human Diseases","Infectious disease: bacterial","hsa05132","Salmonella infection","19/320","248/9400",0.0766129032258065,2.25050403225806,3.74650072384943,0.000801035282857027,0.0112465353713127,0.0112465353713127,"TUBB2B/GAPDH/RIPK1/NOD1/MYL12B/ARF1/RHOB/ACTB/RHOA/TUBA1A/NFKBIA/DYNLT1/ACTG1/TUBB4B/TUBB2A/TUBB/TUBA1B/BRK1/RPS3",19
"PD (Down)","Cellular Processes","Cellular community - eukaryotes","hsa04540","Gap junction","10/320","89/9400",0.112359550561798,3.30056179775281,4.09358331175096,0.000850203074220549,0.0114712764390534,0.0114712764390534,"TUBB2B/GNAI2/GJA1/ITPR1/KRAS/TUBA1A/TUBB4B/TUBB2A/TUBB/TUBA1B",10
"PD (Down)","Cellular Processes","Transport and catabolism","hsa04142","Lysosome biogenesis","19/320","250/9400",0.076,2.2325,3.70782539786464,0.000882405879927188,0.0114712764390534,0.0114712764390534,"ASAH1/NPC2/SCARB2/LAMP1/CD63/LAMTOR5/LAMTOR1/LAPTM4A/ATP6V0B/GPR155/NCOA7/ATP6V0E2/CTSL/PSAP/CD164/LAMTOR4/CTSF/VPS35/CTSB",19
"PD (Down)","Metabolism","Global and overview maps","hsa01230","Biosynthesis of amino acids","9/320","75/9400",0.12,3.525,4.1213593536475,0.000953656746234394,0.0119547684974383,0.0119547684974383,"IDH2/PKM/SDS/TALDO1/ENO1/PGAM1/GAPDH/GLUL/ALDOA",9
"PD (Down)","Organismal Systems","Immune system","hsa04621","NOD-like receptor signaling pathway","15/320","187/9400",0.0802139037433155,2.35628342245989,3.51676712456716,0.0017822024978124,0.0215707957493846,0.0215707957493846,"MAP1LC3B/JAK1/GABARAPL2/IFI16/ITPR1/YWHAE/RIPK1/NOD1/NLRP1/STAT1/RHOA/NFKBIA/NAMPT/CTSB/TXNIP",15
"PD (Down)","Metabolism","Carbohydrate metabolism","hsa00010","Glycolysis / Gluconeogenesis","8/320","67/9400",0.119402985074627,3.50746268656716,3.86664354171072,0.00187470937665139,0.0218457517264074,0.0218457517264074,"PKM/ALDH9A1/ENO1/ALDH2/PGAM1/GAPDH/ALDOA/ADH5",8
"PD (Down)","Metabolism","Lipid metabolism","hsa01040","Biosynthesis of unsaturated fatty acids","5/320","27/9400",0.185185185185185,5.43981481481481,4.33690909693102,0.00192939687612145,0.0218457517264074,0.0218457517264074,"HSD17B12/ACOX1/FADS2/HACD3/FADS1",5
"PD (Down)","Organismal Systems","Endocrine system","hsa04924","Renin secretion","8/320","69/9400",0.115942028985507,3.40579710144928,3.76523717272045,0.00226635433540073,0.0248590741164267,0.0248590741164267,"GNAI2/CALM1/ITPR1/ADCYAP1R1/AQP1/CALM3/AGT/CTSB",8
"PD (Down)","Cellular Processes","Cell growth and death","hsa04218","Cellular senescence","13/320","157/9400",0.0828025477707006,2.43232484076433,3.39748668464724,0.00268214064432865,0.0285282232169502,0.0285282232169502,"CCND3/HLA-E/CALM1/HLA-A/HLA-C/ITPR1/GADD45B/KRAS/CALM3/ZFP36L2/ZFP36L1/SLC25A5/GADD45A",13
"PD (Down)","Cellular Processes","Cell growth and death","hsa04216","Ferroptosis","6/320","42/9400",0.142857142857143,4.19642857142857,3.89736444143699,0.00276845486189141,0.0285802251918789,0.0285802251918789,"MAP1LC3B/FTL/SLC39A14/GPX4/PRNP/FTH1",6
"PD (Down)","Cellular Processes","Transport and catabolism","hsa04137","Mitophagy - animal","10/320","105/9400",0.0952380952380952,2.79761904761905,3.47728673169621,0.00299048728627609,0.0296452882361031,0.0296452882361031,"MAP1LC3B/GABARAPL2/FIS1/BNIP3/KRAS/UBB/TOMM20/UBC/UBA52/PINK1",10
"PD (Down)","Metabolism","Global and overview maps","hsa01212","Fatty acid metabolism","7/320","57/9400",0.12280701754386,3.60745614035088,3.70667198000009,0.00304054238319006,0.0296452882361031,0.0296452882361031,"HSD17B12/ACOX1/FADS2/HACD3/ECHS1/FADS1/ACAA2",7
"PD (Down)","Metabolism","Metabolism of other amino acids","hsa00410","beta-Alanine metabolism","5/320","31/9400",0.161290322580645,4.73790322580645,3.91322816330815,0.00363334101365257,0.0344676404268122,0.0344676404268122,"ALDH9A1/ALDH2/ACOX1/ALDH6A1/ECHS1",5
"PD (Down)","Human Diseases","Infectious disease: viral","hsa05163","Human cytomegalovirus infection","16/320","227/9400",0.0704845814977974,2.0704845814978,3.06485927181328,0.00466464466191895,0.043086586219304,0.043086586219304,"HLA-E/JAK1/GNB2/GNAI2/B2M/CALM1/HLA-A/HLA-C/ITPR1/RIPK1/KRAS/CALM3/RHOA/NFKBIA/CALR/TAPBP",16
