"Cluster","ID","Description","GeneRatio","BgRatio","RichFactor","FoldEnrichment","zScore","pvalue","p.adjust","qvalue","geneID","Count"
"AD (Up)","GO:0071276","cellular response to cadmium ion","9/779","12/8692",0.75,8.36842105263158,8.01379476925872,6.13136012136391e-08,0.000271373998971567,0.000271373998971567,"MT1E/SUMO1/MT1G/MT1M/MT1F/MT3/MT2A/SOD1/MT1H",9
"AD (Up)","GO:0046686","response to cadmium ion","12/779","23/8692",0.521739130434783,5.82151029748284,7.26432951914379,1.32067107744592e-07,0.000292264509438783,0.000292264509438783,"NPC1/MT1E/SUMO1/MT1G/MT1M/SLC30A1/MT1F/GCLC/MT3/MT2A/SOD1/MT1H",12
"AD (Up)","GO:0042775","mitochondrial ATP synthesis coupled electron transport","20/779","69/8692",0.289855072463768,3.23417238749047,5.84581481069677,1.47178042451409e-06,0.00162852503972484,0.00162852503972484,"COX7C/NDUFB1/COX7B/UQCRQ/NDUFB7/NDUFA6/COX6C/COX6B1/NDUFB3/NDUFC1/COX4I1/UQCRH/NDUFB2/NDUFA8/NDUFS6/NDUFA12/NDUFB4/NDUFA1/NDUFB10/UQCRB",20
"AD (Up)","GO:0097501","stress response to metal ion","8/779","13/8692",0.615384615384615,6.8663967611336,6.64111934908858,3.43965080101913e-06,0.00239118311291066,0.00239118311291066,"MT1E/MT1G/MT1M/SLC30A1/MT1F/MT3/MT2A/MT1H",8
"AD (Up)","GO:0071294","cellular response to zinc ion","8/779","14/8692",0.571428571428571,6.37593984962406,6.31599266117131,7.39562266678657e-06,0.00409162824039967,0.00409162824039967,"MT1E/MT1G/HVCN1/MT1M/MT1F/MT3/MT2A/MT1H",8
"AD (Up)","GO:0014902","myotube differentiation","20/779","78/8692",0.256410256410256,2.86099865047233,5.17993066674986,1.1590586929427e-05,0.00512999377496438,0.00512999377496438,"RPL35A/RPL23/MEF2C/ADAM12/DOCK5/RPL37A/RPL11/CAPN2/RPL32/RPL24/SORT1/NACA/RIPOR2/RPL30/RPL23A/COL6A1/RPL38/RPLP1/RPL10/RPLP2",20
"AD (Up)","GO:0007520","myoblast fusion","16/779","55/8692",0.290909090909091,3.24593301435407,5.2423945690576,1.56527091936737e-05,0.00585920243838058,0.00585920243838058,"RPL35A/RPL23/ADAM12/DOCK5/RPL37A/RPL11/CAPN2/RPL32/RPL24/RIPOR2/RPL30/RPL23A/RPL38/RPLP1/RPL10/RPLP2",16
"AD (Up)","GO:0006457","protein folding","29/779","141/8692",0.205673758865248,2.29488615154909,4.8636880292604,1.58857725396672e-05,0.00585920243838058,0.00585920243838058,"HSPA8/PPID/DNAJB6/PDIA6/PFDN2/HSPA1B/HSP90B1/TTC1/PFDN5/HSPB1/HSPA1A/NKTR/CRYAB/CCT5/HSPA5/FKBP5/RIC3/PPIB/PTGES3/CWC27/AHSA1/HSPH1/ERO1B/CHORDC1/CMC1/CCT3/HSP90AA1/DNAJA1/FKBP4",29
"AD (Up)","GO:0061687","detoxification of inorganic compound","8/779","16/8692",0.5,5.57894736842105,5.7517353138064,2.69204592669882e-05,0.00916538097812998,0.00916538097812998,"MT1E/MT1G/MT1M/SLC30A1/MT1F/MT3/MT2A/MT1H",8
"AD (Up)","GO:1902600","proton transmembrane transport","24/779","111/8692",0.216216216216216,2.41251778093883,4.69915188924648,3.60887890883898e-05,0.0106485987003476,0.0106485987003476,"NDUFB1/COX7B/ATP6V0E1/HVCN1/NDUFB7/SLC7A11/NDUFA6/SLC15A2/COX6B1/SPHK2/SLC17A5/NDUFB3/SLC25A18/NDUFC1/COX4I1/UQCRH/NDUFB2/NDUFA8/SLC25A27/NDUFS6/NDUFA12/NDUFB4/NDUFA1/NDUFB10",24
"AD (Up)","GO:0140253","cell-cell fusion","16/779","62/8692",0.258064516129032,2.87945670628183,4.65967679245711,7.91327870735168e-05,0.0184337745045992,0.0184337745045992,"RPL35A/RPL23/ADAM12/DOCK5/RPL37A/RPL11/CAPN2/RPL32/RPL24/RIPOR2/RPL30/RPL23A/RPL38/RPLP1/RPL10/RPLP2",16
"AD (Up)","GO:0071280","cellular response to copper ion","7/779","14/8692",0.5,5.57894736842105,5.37963570720745,8.84315541243596e-05,0.0195699029277208,0.0195699029277208,"MT1E/MT1G/MT1M/MT1F/MT3/MT2A/MT1H",7
"AD (Up)","GO:0010043","response to zinc ion","9/779","24/8692",0.375,4.18421052631579,4.90095781305138,0.000135293070733524,0.024950297127774,0.024950297127774,"MT1E/MT1G/HVCN1/MT1M/SLC30A1/MT1F/MT3/MT2A/MT1H",9
"AD (Up)","GO:0006936","muscle contraction","34/779","199/8692",0.170854271356784,1.90637397513885,4.05822782414552,0.000167883885123674,0.0297221630222952,0.0297221630222952,"RPL35A/RPL23/PPP1R12B/SUMO1/SLMAP/DOCK5/MYL6B/MYL6/CKMT2/DLG1/RPL37A/RPL11/RPL32/CALD1/SMTN/RPL24/RYR3/KCNE4/CRYAB/CACNA2D3/RPL30/RPL23A/TRDN/SYNM/NEDD4L/PIK3C2A/ADRA1A/RPL38/SOD1/RPLP1/TPM1/RPL10/RPLP2/HSP90AA1",34
"AD (Up)","GO:0042776","proton motive force-driven mitochondrial ATP synthesis","12/779","42/8692",0.285714285714286,3.18796992481203,4.45954920797245,0.00021805215119458,0.0358446759417996,0.0358446759417996,"NDUFB1/NDUFB7/NDUFA6/NDUFB3/NDUFC1/NDUFB2/NDUFA8/NDUFS6/NDUFA12/NDUFB4/NDUFA1/NDUFB10",12
"AD (Up)","GO:0031647","regulation of protein stability","40/779","251/8692",0.159362549800797,1.77815055567205,3.92497200484714,0.000218663861371123,0.0358446759417996,0.0358446759417996,"HSPA8/AAK1/RPL23/SIAH1/SUMO1/C10orf90/PFDN2/TOMM7/RUVBL1/HSPA1B/ATP1B3/SERF2/SUGT1/PFDN5/HSPB1/HSPA1A/ZSWIM7/HDAC3/EGLN3/CRYAB/CREBBP/CCT5/NAA16/PPIB/PTGES3/PEX6/SPAG1/AHSA1/NEDD4L/PLPP3/HIP1R/SREBF1/ATM/PPARGC1A/CUL3/MT3/CCT3/HSP90AA1/KAT2A/PTEN",40
"AD (Up)","GO:0009408","response to heat","15/779","61/8692",0.245901639344262,2.74374460742019,4.28795538197,0.000235615554424431,0.0372080584384022,0.0372080584384021,"DNAJB6/SUMO1/HSPA1B/HIKESHI/HSPB1/HSPA1A/HSBP1L1/CRYAB/CREBBP/CHORDC1/ATM/GCLC/SOD1/HSP90AA1/DNAJA1",15
"AD (Up)","GO:0006656","phosphatidylcholine biosynthetic process","7/779","16/8692",0.4375,4.88157894736842,4.8757526367037,0.000251115403522018,0.0372080584384022,0.0372080584384021,"ABHD3/CAPN2/SLC44A1/CHPT1/CDS1/CHKA/ACSL3",7
"AD (Up)","GO:0006882","intracellular zinc ion homeostasis","8/779","21/8692",0.380952380952381,4.25062656641604,4.67923821893773,0.000283446444228332,0.0392041863173311,0.0392041863173311,"MT1E/MT1G/MT1M/SLC30A1/MT1F/MT3/MT2A/MT1H",8
"AD (Down)","GO:0006959","humoral immune response","14/283","58/8692",0.241379310344828,7.41367125624467,8.99022553244042,3.05855006404592e-09,1.35371425834673e-05,1.35371425834673e-05,"HLA-E/SERPING1/CXCL14/GAPDH/HMGN2/C1S/C1R/LGALS3/CD81/RPS19/C1RL/B2M/C3/HLA-A",14
"AD (Down)","GO:2001234","negative regulation of apoptotic signaling pathway","18/283","114/8692",0.157894736842105,4.84954435558862,7.58970069025417,2.36061638570427e-08,3.48269604104237e-05,3.48269604104237e-05,"CD44/NRP1/TMBIM6/ITGA6/FGF2/IFI6/PEA15/LGALS3/MCL1/SOD2/GNAI2/CD74/YBX3/PTTG1IP/ENO1/TMBIM1/GRINA/GSTP1",18
"AD (Down)","GO:0034097","response to cytokine","37/283","444/8692",0.0833333333333333,2.55948174322733,6.18804367485022,1.06061715616567e-07,9.99420953173688e-05,9.99420953173688e-05,"CD44/DAB2IP/PARP14/IFIT3/TUBA1A/STAT1/TNFRSF1A/MX1/CHI3L1/PLSCR1/GAPDH/ZFP36/EZR/PARP9/SIRPA/ISG15/TIMP3/AKAP12/CD47/F3/OSMR/MCL1/FAS/PML/CD74/IFITM3/ZFP36L2/YBX3/SOX9/BST2/SOCS3/DPYSL3/CD38/IFIT1/GSTP1/IFI16/IL33",37
"AD (Down)","GO:1901652","response to peptide","37/283","449/8692",0.0824053452115813,2.53097971936065,6.11090981973127,1.41273164660162e-07,9.99420953173688e-05,9.99420953173688e-05,"CD44/DAB2IP/PARP14/IFIT3/TUBA1A/STAT1/TNFRSF1A/MX1/CHI3L1/PLSCR1/GAPDH/ZFP36/EZR/PARP9/SIRPA/ISG15/TIMP3/AKAP12/CD47/F3/OSMR/MCL1/FAS/PML/CD74/IFITM3/ZFP36L2/YBX3/SOX9/BST2/SOCS3/DPYSL3/CD38/IFIT1/GSTP1/IFI16/IL33",37
"AD (Down)","GO:0009611","response to wounding","27/283","267/8692",0.101123595505618,3.10588795807361,6.41153258203498,1.42681075068926e-07,9.99420953173688e-05,9.99420953173688e-05,"CD44/NRP1/SERPINE2/SYT11/PLEC/SERPING1/FGF2/PLSCR1/DDR1/ZFP36/ACTB/PROS1/RHOC/RASA3/F3/SMAD3/ANGPTL4/ADGRG1/ACTG1/ZFP36L2/ARHGAP24/MYH9/PTN/ERBB2/DPYSL3/ITGB4/IL33",27
"AD (Down)","GO:0070371","ERK1 and ERK2 cascade","19/283","149/8692",0.12751677852349,3.91652239903242,6.58732610509163,3.21037611514046e-07,0.000157879163173463,0.000157879163173463,"CD44/NRP1/DAB2IP/NDRG4/FGF2/CHI3L1/EZR/SIRPA/AKAP12/MFHAS1/NAMPT/GNAI2/CD74/ZFP36L2/FGFR2/SOX9/ERBB2/FGFR3/GSTP1",19
"AD (Down)","GO:0019730","antimicrobial humoral response","8/283","24/8692",0.333333333333333,10.2379269729093,8.31336044554585,5.34496683937043e-07,0.000236568232310535,0.000236568232310535,"HLA-E/CXCL14/GAPDH/HMGN2/LGALS3/RPS19/B2M/HLA-A",8
"AD (Down)","GO:0070482","response to oxygen levels","21/283","191/8692",0.109947643979058,3.37690784970307,6.09326318502008,9.46662189143489e-07,0.000380902440831735,0.000380902440831735,"MT-ND1/MT-CO2/CHCHD2/TMBIM6/MT-ND2/MT-CYB/MT-ND4/SMAD3/AQP1/ANGPTL4/SOD2/FAS/PML/NDRG1/MT-ATP6/FGFR2/EPAS1/CD38/MT-ND5/ENO1/MT-CO1",21
"AD (Down)","GO:0042063","gliogenesis","18/283","146/8692",0.123287671232877,3.78663052422673,6.22917153141465,1.09444862575569e-06,0.000403669134799558,0.000403669134799558,"SERPINE2/GFAP/DAB2IP/PLEC/TUBA1A/TNFRSF1A/LGI4/GPC1/ADGRG1/METRN/ATP1B2/NDRG1/SOX9/PTN/ERBB2/EEF2/GSTP1/IL33",18
"AD (Down)","GO:0009617","response to bacterium","23/283","234/8692",0.0982905982905983,3.01887590226813,5.74301074744364,2.05516464976758e-06,0.000606410582658089,0.000606410582658089,"HLA-E/DAB2IP/SYT11/TRIM5/TNFRSF1A/ZFP36/CASP7/VIM/SIRPA/ISG15/AKAP12/COLEC12/HMGB2/SMAD3/AQP1/RPS19/SOD2/B2M/FGFR2/NOD1/HLA-A/GSTP1/IL33",23
"AD (Down)","GO:0048525","negative regulation of viral process","9/283","40/8692",0.225,6.91060070671378,6.87320469596887,4.075416887915e-06,0.00100209973032843,0.00100209973032843,"STAT1/MX1/PLSCR1/ZFP36/ISG15/IFITM3/BST2/IFIT1/IFI16",9
"AD (Down)","GO:0001525","angiogenesis","25/283","281/8692",0.0889679715302491,2.73254278636369,5.41588243773661,4.50885597825846e-06,0.00105032613472484,0.00105032613472484,"NRP1/GLUL/DAB2IP/STAT1/FGF2/CHI3L1/BSG/CD47/PKM/F3/AQP1/GADD45A/ANGPTL4/ADGRG1/NCL/GNAI2/ACTG1/PML/ARHGAP24/C3/MYH9/FGFR2/IGFBP7/ERBB2/EPAS1",25
"AD (Down)","GO:0043066","negative regulation of apoptotic process","32/283","419/8692",0.0763723150357995,2.34568255226562,5.17933541939161,5.46163228696265e-06,0.00120865922510483,0.00120865922510483,"CD44/NRP1/ARHGDIA/TMBIM6/IFIT3/ITGA6/FGF2/IFI6/PEA15/LGALS3/SMAD3/AQP1/ANGPTL4/MCL1/SOD2/GNAI2/FAS/RETREG1/CD74/YBX3/PTTG1IP/FGFR2/SOX9/ERBB2/SOCS3/FSTL1/CD38/ENO1/TMBIM1/GRINA/PRNP/GSTP1",32
"AD (Down)","GO:0022904","respiratory electron transport chain","12/283","79/8692",0.151898734177215,4.66538444335108,6.00360030238228,8.19481725480423e-06,0.00164864823498925,0.00164864823498925,"MT-ND1/MT-CO2/CHCHD2/MT-ND2/PLEC/MT-ND3/MT-CYB/MT-ND4/MT-CO3/MT-ND4L/MT-ND5/MT-CO1",12
"AD (Down)","GO:0071345","cellular response to cytokine stimulus","30/283","393/8692",0.0763358778625954,2.34456342891053,5.00403805730456,1.10597487154196e-05,0.00212337330292789,0.00212337330292789,"CD44/DAB2IP/PARP14/IFIT3/STAT1/TNFRSF1A/MX1/CHI3L1/GAPDH/ZFP36/EZR/PARP9/SIRPA/ISG15/AKAP12/CD47/F3/OSMR/FAS/CD74/IFITM3/ZFP36L2/YBX3/SOX9/SOCS3/DPYSL3/IFIT1/GSTP1/IFI16/IL33",30
"AD (Down)","GO:0031347","regulation of defense response","32/283","438/8692",0.0730593607305936,2.24392919954177,4.90068063857442,1.36461054854207e-05,0.00212337330292789,0.00212337330292789,"HLA-E/LAMP1/DAB2IP/PARP14/SYT11/AGT/STAT1/TRIM5/TNFRSF1A/SERPING1/PLSCR1/PARP9/SIRPA/ISG15/HLA-C/CD47/HMGB2/MFHAS1/CD81/SMAD3/OSMR/RPS19/B2M/PML/C3/ALPK1/TRIM22/NOD1/HLA-A/GSTP1/IFI16/IL33",32
"AD (Down)","GO:0060429","epithelium development","29/283","391/8692",0.0741687979539642,2.27800421136345,4.74363618435221,2.68510107370868e-05,0.00335626991264957,0.00335626991264957,"CD44/NRP1/TXNIP/AGT/TUBB/PLEC/STAT1/TNFRSF1A/NDRG4/CBR1/FGF2/DDR1/GSTM3/CLIC4/ZFP36/EZR/ACTB/BSG/RHOC/LGALS3/SMAD3/AQP1/CNN3/ACTG1/ARHGAP24/FGFR2/SOX9/FSTL1/PSAP",29
"AD (Down)","GO:0051607","defense response to virus","17/283","168/8692",0.101190476190476,3.10794211677604,5.06113029434648,3.14558490318584e-05,0.00366377862671066,0.00366377862671066,"IFIT3/STAT1/TRIM5/MX1/PLSCR1/IFI6/PARP9/ISG15/PML/IFITM3/IFI44L/BST2/TRIM22/RPSA/MAP3K14/IFIT1/IFI16",17
"AD (Down)","GO:0002831","regulation of response to biotic stimulus","25/283","316/8692",0.0791139240506329,2.42988773091202,4.74988465208536,3.43213128839207e-05,0.00387171874436784,0.00387171874436784,"HLA-E/LAMP1/DAB2IP/PARP14/SYT11/STAT1/TRIM5/SERPING1/PLSCR1/PARP9/SIRPA/ISG15/HLA-C/HMGB2/MFHAS1/SMAD3/RPS19/B2M/PML/C3/ALPK1/TRIM22/NOD1/HLA-A/IFI16",25
"AD (Down)","GO:0051129","negative regulation of cellular component organization","32/283","469/8692",0.0682302771855011,2.09560978549956,4.47489753323578,5.29656452352261e-05,0.00549508535671772,0.00549508535671772,"SYT11/FEZ2/LMOD1/TNFRSF1A/RPL7A/PMP22/CST3/PLSCR1/RPL28/GAPDH/IFI6/SIRPA/TIMP3/LIMK2/CD47/RPL15/LGALS3/RPL13/ANGPTL4/MTPN/B2M/PML/APC2/ARHGAP24/SOX9/FAM107A/RPL18/DPYSL3/TERF2IP/CD38/PRNP/IFI16",32
"AD (Down)","GO:0071385","cellular response to glucocorticoid stimulus","6/283","22/8692",0.272727272727273,8.37648570510761,6.3548779391087,5.42679869759749e-05,0.00549508535671772,0.00549508535671772,"MT-ND3/ZFP36/AQP1/ZFP36L2/FAM107A/GSTP1",6
"AD (Down)","GO:0045471","response to ethanol","10/283","68/8692",0.147058823529412,4.51673248804822,5.34066494201663,6.24433934895124e-05,0.00614165465743515,0.00614165465743515,"MT-CO2/GFAP/FGF2/MT-CYB/MT-ND4/SOD2/ADCYAP1R1/FGFR2/EEF2/GSTP1",10
"AD (Down)","GO:0006692","prostanoid metabolic process","6/283","23/8692",0.260869565217391,8.01229067445076,6.17725092717803,7.14308498734378e-05,0.00687289003347469,0.00687289003347469,"FABP5/TNFRSF1A/CBR1/PNPLA8/CD74/GSTP1",6
"AD (Down)","GO:2000379","positive regulation of reactive oxygen species metabolic process","8/283","44/8692",0.181818181818182,5.58432380340508,5.59241896358518,7.30699579029978e-05,0.00688101348252486,0.00688101348252486,"AGT/CBR1/SIRPA/GADD45A/SOD2/GNAI2/FAS/GSTP1",8
"AD (Down)","GO:0040007","growth","27/283","373/8692",0.0723860589812333,2.22324955711971,4.42985833034128,7.82359174648279e-05,0.00704208605658235,0.00704208605658236,"NRP1/CPNE8/AGT/PLEC/NDRG4/CCDC85B/FGF2/EZR/BSG/VIM/CD81/SMAD3/MTPN/TSC22D4/PML/FGFR2/SOX9/PTN/BST2/IGFBP7/FAM107A/ERBB2/CD38/PSAP/ENO1/FGFR3/PPP2R1A",27
"AD (Down)","GO:0006026","aminoglycan catabolic process","5/283","15/8692",0.333333333333333,10.2379269729093,6.56887914970282,8.10854613985821e-05,0.00704208605658235,0.00704208605658236,"CD44/IDS/FGF2/CHI3L2/CHI3L1",5
"AD (Down)","GO:0019883","antigen processing and presentation of endogenous antigen","5/283","15/8692",0.333333333333333,10.2379269729093,6.56887914970282,8.10854613985821e-05,0.00704208605658235,0.00704208605658236,"HLA-E/HLA-C/B2M/CD74/HLA-A",5
"AD (Down)","GO:0002455","humoral immune response mediated by circulating immunoglobulin","5/283","16/8692",0.3125,9.59805653710247,6.31475394164813,0.000114819377423078,0.00933592871466575,0.00933592871466575,"C1S/C1R/CD81/C1RL/C3",5
"AD (Down)","GO:0001817","regulation of cytokine production","28/283","405/8692",0.0691358024691358,2.12342189067749,4.24744379621406,0.000127306598520451,0.00988210961679729,0.00988210961679729,"HLA-E/SYT11/AGT/STAT1/CHI3L1/GAPDH/ZFP36/BSG/SIRPA/ISG15/PLAGL1/AKAP12/CD47/HMGB2/CD81/F3/SMAD3/B2M/PML/CD74/C3/BST2/NOD1/HLA-A/PRNP/GSTP1/IFI16/IL33",28
"AD (Down)","GO:0007422","peripheral nervous system development","7/283","36/8692",0.194444444444444,5.97212406753043,5.48391228790621,0.000133513253176378,0.00988210961679729,0.00988210961679729,"PLEC/PMP22/LGI4/GPC1/GSTM3/NDRG1/ERBB2",7
"AD (Down)","GO:0001816","cytokine production","28/283","410/8692",0.0682926829268293,2.09752650176678,4.17633422872411,0.000156776690286554,0.0109881026268014,0.0109881026268014,"HLA-E/SYT11/AGT/STAT1/CHI3L1/GAPDH/ZFP36/BSG/SIRPA/ISG15/PLAGL1/AKAP12/CD47/HMGB2/CD81/F3/SMAD3/B2M/PML/CD74/C3/BST2/NOD1/HLA-A/PRNP/GSTP1/IFI16/IL33",28
"AD (Down)","GO:0002252","immune effector process","21/283","267/8692",0.0786516853932584,2.41569063405725,4.31017547326825,0.000160288173969597,0.0109881026268014,0.0109881026268014,"HLA-E/LAMP1/TMBIM6/TUBB/PLEC/SERPING1/C1S/HLA-C/C1R/LGALS3/CD81/RPS19/C1RL/B2M/CD74/C3/TUBB4B/BST2/SOCS3/HLA-A/IL33",21
"AD (Down)","GO:0006754","ATP biosynthetic process","9/283","62/8692",0.145161290322581,4.4584520688476,5.01335114460609,0.000161370689277472,0.0109881026268014,0.0109881026268014,"MT-ND1/MT-ND2/MT-ND3/MT-ND4/MT-ATP6/MT-ND4L/MT-ND5/ENO1/ALDOA",9
"AD (Down)","GO:0050878","regulation of body fluid levels","15/283","156/8692",0.0961538461538462,2.9532481652623,4.51594285281638,0.000163882041512574,0.0109900290262826,0.0109900290262826,"SERPINE2/MT-CO2/SERPING1/PLSCR1/DDR1/ACTB/PROS1/RASA3/F3/AQP1/ANGPTL4/ADGRG1/GNAI2/ACTG1/MYH9",15
"AD (Down)","GO:0006954","inflammatory response","27/283","391/8692",0.0690537084398977,2.12090047264873,4.16050588396838,0.000172003032933598,0.0113624690114045,0.0113624690114045,"CD44/HLA-E/DAB2IP/TXNIP/SYT11/AGT/TNFRSF1A/CHI3L1/PLSCR1/ZFP36/CASP7/SIRPA/CD47/HMGB2/MFHAS1/CD81/F3/SMAD3/OSMR/RPS19/NAMPT/C3/PTN/NOD1/GSTP1/IFI16/IL33",27
"AD (Down)","GO:0050778","positive regulation of immune response","27/283","400/8692",0.0675,2.07318021201413,4.03114965712868,0.000249128033465659,0.0151330455659675,0.0151330455659675,"HLA-E/LAMP1/DAB2IP/TRIM5/SERPING1/PLSCR1/EZR/PARP9/C1S/HLA-C/CD47/HMGB2/C1R/LGALS3/MFHAS1/CD81/RPS19/C1RL/B2M/CD74/C3/ALPK1/NOD1/CD38/HLA-A/PRNP/IFI16",27
"AD (Down)","GO:1902600","proton transmembrane transport","12/283","111/8692",0.108108108108108,3.32040874797059,4.51349482640391,0.000249596097224498,0.0151330455659675,0.0151330455659675,"MT-ND1/MT-CO2/MT-ND2/MT-ND3/MT-CYB/MT-ND4/MT-ATP6/MT-CO3/ATP6V0E2/MT-ND4L/MT-ND5/MT-CO1",12
"AD (Down)","GO:0032103","positive regulation of response to external stimulus","25/283","359/8692",0.0696378830083565,2.13884268236267,4.04265039410168,0.000264659856594508,0.0158295206119905,0.0158295206119905,"NRP1/HLA-E/LAMP1/DAB2IP/AGT/TRIM5/TNFRSF1A/FGF2/PLSCR1/PARP9/HLA-C/CD47/HMGB2/MFHAS1/CD81/F3/SMAD3/OSMR/RPS19/CD74/PTN/ALPK1/NOD1/IFI16/IL33",25
"AD (Down)","GO:0010038","response to metal ion","16/283","182/8692",0.0879120879120879,2.70011260823982,4.25211027028211,0.000282466078614182,0.0161669903190445,0.0161669903190445,"CPNE8/TXNIP/TUBA1A/HPCA/MT-CYB/PLSCR1/CLIC4/BSG/AQP1/AHCYL1/SOD2/B2M/NDRG1/ITPKC/PRNP/MT-CO1",16
"AD (Down)","GO:0071260","cellular response to mechanical stimulus","8/283","53/8692",0.150943396226415,4.63604240282686,4.87069632739473,0.00028348663825966,0.0161669903190445,0.0161669903190445,"PLEC/TNFRSF1A/FGF2/AQP1/GADD45A/FAS/SOX9/MAP3K14",8
"AD (Down)","GO:0032102","negative regulation of response to external stimulus","17/283","201/8692",0.0845771144278607,2.5976829632755,4.20402344094844,0.000290493155317398,0.0162749709548709,0.0162749709548709,"SERPINE2/HLA-E/PARP14/SYT11/TNFRSF1A/SERPING1/FGF2/PROS1/SIRPA/ISG15/MFHAS1/SMAD3/RPS19/HLA-A/GSTP1/IFI16/IL33",17
"AD (Down)","GO:0002698","negative regulation of immune effector process","8/283","54/8692",0.148148148148148,4.55018976573747,4.80062479871397,0.000323548709992386,0.017210431842715,0.017210431842715,"HLA-E/TMBIM6/SERPING1/LGALS3/RPS19/BST2/HLA-A/IL33",8
"AD (Down)","GO:0071496","cellular response to external stimulus","8/283","54/8692",0.148148148148148,4.55018976573747,4.80062479871397,0.000323548709992386,0.017210431842715,0.017210431842715,"PLEC/TNFRSF1A/FGF2/AQP1/GADD45A/FAS/SOX9/MAP3K14",8
"AD (Down)","GO:0051402","neuron apoptotic process","13/283","132/8692",0.0984848484848485,3.02484206017775,4.30028414776553,0.000352150478816095,0.0181234653400004,0.0181234653400004,"NRP1/TUBA1A/FGF2/GAPDH/CASP7/MCL1/SOD2/FAS/RETREG1/PRODH/TMBIM1/GRINA/PRNP",13
"AD (Down)","GO:0031638","zymogen activation","5/283","20/8692",0.25,7.67844522968198,5.48512650609709,0.000366136983380685,0.0181689877698015,0.0181689877698015,"SERPINE2/C1S/C1R/C1RL/ENO1",5
"AD (Down)","GO:0018212","peptidyl-tyrosine modification","9/283","69/8692",0.130434782608696,4.00614533722538,4.59897704918142,0.000369455241591084,0.0181689877698015,0.0181689877698015,"PARP14/DDR1/PARP9/FGFR2/TPST1/ZFYVE28/ERBB2/EFEMP1/FGFR3",9
"AD (Down)","GO:0048872","homeostasis of number of cells","13/283","133/8692",0.0977443609022556,3.00209888679295,4.26830797518165,0.000379143528939893,0.018440541308659,0.018440541308659,"GLUL/TUBA1A/STAT1/ZFP36/ISG15/HMGB2/MFHAS1/RPS19/FAS/CD74/SOX9/EPAS1/PPP2R1A",13
"AD (Down)","GO:0022603","regulation of anatomical structure morphogenesis","28/283","437/8692",0.0640732265446224,1.96793104284756,3.80875041593857,0.000447937535591419,0.0199508185159908,0.0199508185159908,"CD44/NRP1/GLUL/CPNE8/DAB2IP/AGT/STAT1/FGF2/CST3/CHI3L1/EZR/VIM/PKM/F3/SMAD3/AQP1/GADD45A/ANGPTL4/METRN/PML/C3/MYH9/FGFR2/SOX9/ERBB2/TMBIM1/ALDOA/KIF1A",28
"AD (Down)","GO:0006935","chemotaxis","18/283","228/8692",0.0789473684210526,2.42477217779431,3.99927196282014,0.000450076697096138,0.0199508185159908,0.0199508185159908,"NRP1/PLEC/FGF2/CXCL14/ANOS1/BSG/SBDS/HMGB2/LGALS3/F3/SMAD3/RPS19/CD74/C3/PTN/YTHDF1/TUBB2B/GSTP1",18
"AD (Down)","GO:0001906","cell killing","10/283","86/8692",0.116279069767442,3.57136987427069,4.39611477630105,0.000454080306083131,0.0199508185159908,0.0199508185159908,"HLA-E/LAMP1/TUBB/CXCL14/HMGN2/HLA-C/LGALS3/RPS19/TUBB4B/HLA-A",10
"AD (Down)","GO:0071216","cellular response to biotic stimulus","12/283","119/8692",0.100840336134454,3.0971879918045,4.22571640698125,0.00047658520563937,0.0199739793008967,0.0199739793008967,"DAB2IP/TXNIP/TRIM5/TNFRSF1A/ZFP36/CASP7/VIM/SIRPA/HMGB2/SMAD3/B2M/GSTP1",12
"AD (Down)","GO:0002009","morphogenesis of an epithelium","14/283","154/8692",0.0909090909090909,2.79216190170254,4.11637983831686,0.000480739139729634,0.0199739793008967,0.0199739793008967,"CD44/NRP1/AGT/STAT1/NDRG4/FGF2/DDR1/ACTB/BSG/RHOC/ACTG1/ARHGAP24/FGFR2/SOX9",14
"AD (Down)","GO:0044344","cellular response to fibroblast growth factor stimulus","7/283","44/8692",0.159090909090909,4.88628332797944,4.74087902890151,0.000490547860785475,0.0199739793008967,0.0199739793008967,"CD44/FGF2/GPC1/ZFP36/ZFP36L2/FGFR2/FGFR3",7
"AD (Down)","GO:0034341","response to type II interferon","9/283","72/8692",0.125,3.83922261484099,4.43780257031774,0.00050957125349568,0.0199739793008967,0.0199739793008967,"PARP14/STAT1/GAPDH/PARP9/SIRPA/CD47/CD74/IFITM3/BST2",9
"AD (Down)","GO:0009612","response to mechanical stimulus","12/283","120/8692",0.1,3.07137809187279,4.19145528010221,0.00051446760964804,0.0199739793008967,0.0199739793008967,"TXNIP/PLEC/TUBA1A/TNFRSF1A/FGF2/CHI3L1/AQP1/GADD45A/FAS/SOX9/PTN/MAP3K14",12
"AD (Down)","GO:0030855","epithelial cell differentiation","18/283","231/8692",0.0779220779220779,2.39328163003075,3.93722260627134,0.000526357134260056,0.020257884141174,0.020257884141174,"NRP1/TXNIP/TUBB/PLEC/STAT1/TNFRSF1A/CBR1/FGF2/GSTM3/CLIC4/ZFP36/EZR/LGALS3/CNN3/FGFR2/SOX9/FSTL1/PSAP",18
"AD (Down)","GO:0006690","icosanoid metabolic process","7/283","45/8692",0.155555555555556,4.77769925402434,4.66076090383686,0.000564997307632097,0.0210141015426862,0.0210141015426862,"FABP5/TNFRSF1A/CBR1/PNPLA8/FADS1/CD74/GSTP1",7
"AD (Down)","GO:0050765","negative regulation of phagocytosis","4/283","13/8692",0.307692307692308,9.45039412883936,5.59332060520965,0.000623331345064457,0.0229905377771274,0.0229905377771274,"SYT11/PLSCR1/SIRPA/CD47",4
"AD (Down)","GO:0002228","natural killer cell mediated immunity","7/283","46/8692",0.152173913043478,4.67383622676294,4.58296994364485,0.000648158606733575,0.0235143442082197,0.0235143442082197,"HLA-E/LAMP1/TUBB/HLA-C/B2M/TUBB4B/HLA-A",7
"AD (Down)","GO:0007596","blood coagulation","11/283","107/8692",0.102803738317757,3.15749149631782,4.11933155062756,0.000692651391750099,0.0245254004790875,0.0245254004790875,"SERPINE2/SERPING1/PLSCR1/ACTB/PROS1/RASA3/F3/ANGPTL4/ADGRG1/ACTG1/MYH9",11
"AD (Down)","GO:0046456","icosanoid biosynthetic process","5/283","23/8692",0.217391304347826,6.67690889537563,5.00088949039624,0.000733442669421148,0.0251129076158853,0.0251129076158853,"FABP5/CBR1/PNPLA8/FADS1/CD74",5
"AD (Down)","GO:0070633","transepithelial transport","5/283","23/8692",0.217391304347826,6.67690889537563,5.00088949039624,0.000733442669421148,0.0251129076158853,0.0251129076158853,"ACTB/AQP1/AHCYL1/ACTG1/SLC1A3",5
"AD (Down)","GO:0071774","response to fibroblast growth factor","7/283","47/8692",0.148936170212766,4.57439290278926,4.50738479945722,0.000740741198047625,0.0251129076158853,0.0251129076158853,"CD44/FGF2/GPC1/ZFP36/ZFP36L2/FGFR2/FGFR3",7
"AD (Down)","GO:0050817","coagulation","11/283","108/8692",0.101851851851852,3.12825546394451,4.08269274259368,0.00074937049701686,0.0251266198469441,0.0251266198469441,"SERPINE2/SERPING1/PLSCR1/ACTB/PROS1/RASA3/F3/ANGPTL4/ADGRG1/ACTG1/MYH9",11
"AD (Down)","GO:1903034","regulation of response to wounding","9/283","76/8692",0.118421052631579,3.63715826669146,4.23590354054236,0.000761488372270124,0.0253409589147937,0.0253409589147937,"SERPINE2/SERPING1/FGF2/PROS1/F3/SMAD3/ACTG1/PTN/IL33",9
"AD (Down)","GO:0019058","viral life cycle","15/283","181/8692",0.0828729281767956,2.54534096011557,3.85415542796753,0.000811158435969837,0.0267924420716604,0.0267924420716604,"NRP1/LAMP1/TRIM5/MX1/PLSCR1/BSG/ISG15/CD81/VPS28/IFITM3/MYH9/BST2/RPSA/IFIT1/IFI16",15
"AD (Down)","GO:1900744","regulation of p38MAPK cascade","5/283","24/8692",0.208333333333333,6.39870435806832,4.85838169095492,0.000902069572840615,0.0283160278680324,0.0283160278680324,"DAB2IP/EZR/MFHAS1/GADD45A/GADD45B",5
"AD (Down)","GO:0045088","regulation of innate immune response","19/283","264/8692",0.071969696969697,2.21046150551451,3.6639252032438,0.000980195187077887,0.0301273881806023,0.0301273881806023,"HLA-E/LAMP1/DAB2IP/PARP14/TRIM5/SERPING1/PLSCR1/PARP9/ISG15/HLA-C/HMGB2/MFHAS1/RPS19/B2M/C3/ALPK1/NOD1/HLA-A/IFI16",19
"AD (Down)","GO:0060326","cell chemotaxis","13/283","148/8692",0.0878378378378378,2.6978321077261,3.82164987918571,0.00104929066511915,0.0315929284613426,0.0315929284613426,"NRP1/PLEC/FGF2/CXCL14/BSG/SBDS/HMGB2/LGALS3/RPS19/CD74/C3/PTN/GSTP1",13
"AD (Down)","GO:0048144","fibroblast proliferation","6/283","37/8692",0.162162162162162,4.98061312195588,4.4511600732191,0.00112143142300775,0.0322733166467532,0.0322733166467532,"DAB2IP/AGT/AQP1/PML/CD74/GSTP1",6
"AD (Down)","GO:0048145","regulation of fibroblast proliferation","6/283","37/8692",0.162162162162162,4.98061312195588,4.4511600732191,0.00112143142300775,0.0322733166467532,0.0322733166467532,"DAB2IP/AGT/AQP1/PML/CD74/GSTP1",6
"AD (Down)","GO:0001974","blood vessel remodeling","4/283","15/8692",0.266666666666667,8.19034157832744,5.1128878818406,0.00113022234076971,0.0322733166467532,0.0322733166467532,"AGT/CST3/EPAS1/TMBIM1",4
"AD (Down)","GO:0046457","prostanoid biosynthetic process","4/283","15/8692",0.266666666666667,8.19034157832744,5.1128878818406,0.00113022234076971,0.0322733166467532,0.0322733166467532,"FABP5/CBR1/PNPLA8/CD74",4
"AD (Down)","GO:0061621","canonical glycolysis","4/283","15/8692",0.266666666666667,8.19034157832744,5.1128878818406,0.00113022234076971,0.0322733166467532,0.0322733166467532,"GAPDH/PKM/ENO1/ALDOA",4
"AD (Down)","GO:0061718","glucose catabolic process to pyruvate","4/283","15/8692",0.266666666666667,8.19034157832744,5.1128878818406,0.00113022234076971,0.0322733166467532,0.0322733166467532,"GAPDH/PKM/ENO1/ALDOA",4
"AD (Down)","GO:0050790","regulation of catalytic activity","21/283","311/8692",0.067524115755627,2.07392089804915,3.53802163520999,0.00121657410574446,0.0345163909745192,0.0345163909745192,"DAB2IP/AGT/ITGA6/TNFRSF1A/ASAP3/FGF2/PLSCR1/ZFP36/MIDN/PARP9/RPS2/RHOC/GADD45A/ARRDC3/GNAI2/APC2/FGFR2/ZFYVE28/ERBB2/TMBIM1/FGFR3",21
"AD (Down)","GO:0002700","regulation of production of molecular mediator of immune response","8/283","67/8692",0.119402985074627,3.66731712462423,4.02057732647845,0.00140784978384313,0.0384638465635166,0.0384638465635166,"HLA-E/TMBIM6/CD81/B2M/CD74/BST2/HLA-A/IL33",8
"AD (Down)","GO:0051216","cartilage development","8/283","67/8692",0.119402985074627,3.66731712462423,4.02057732647845,0.00140784978384313,0.0384638465635166,0.0384638465635166,"CD44/FGF2/CHI3L1/SLC39A14/SMAD3/SOX9/EFEMP1/FGFR3",8
"AD (Down)","GO:0008284","positive regulation of cell population proliferation","25/283","406/8692",0.061576354679803,1.89124266740935,3.37397949249947,0.00158919504324544,0.0418677217940732,0.0418677217940732,"NRP1/HLA-E/GFAP/AGT/STAT1/FGF2/ACTB/CD47/HMGB2/CD81/F3/AQP1/OSMR/NAMPT/GNAI2/PML/CD74/FGFR2/SOX9/PTN/BST2/ERBB2/CD38/HLA-A/FGFR3",25
"AD (Down)","GO:0050900","leukocyte migration","14/283","175/8692",0.08,2.45710247349823,3.57208440766379,0.00168636306439742,0.0439049583707235,0.0439049583707235,"ITGA6/PLEC/BSG/SIRPA/CD47/SBDS/LGALS3/CD81/RPS19/CD74/C3/MYH9/PTN/IL33",14
"AD (Down)","GO:0150115","cell-substrate junction organization","9/283","85/8692",0.105882352941176,3.25204739139472,3.82751589826939,0.00170592372134457,0.0441544935126962,0.0441544935126962,"NRP1/ITGA6/PLEC/SMAD3/ACTG1/ACTN1/FAM107A/MAPRE2/ITGB4",9
"AD (Down)","GO:0006979","response to oxidative stress","18/283","256/8692",0.0703125,2.15956272084806,3.45463253056793,0.00172268701993026,0.0443291438965775,0.0443291438965775,"MT-ND1/CHCHD2/TXNIP/MT-ND3/SIRPA/PNPLA8/AQP1/SCARA3/SOD2/ADCYAP1R1/PML/GPR37L1/CD38/EEF2/MT-ND5/PRNP/GSTP1/MT-CO1",18
"AD (Down)","GO:0051384","response to glucocorticoid","7/283","55/8692",0.127272727272727,3.90902666238355,3.97011880542795,0.00191514922556429,0.0478895506912291,0.0478895506912291,"MT-ND3/ZFP36/AQP1/ZFP36L2/IGFBP7/FAM107A/GSTP1",7
"AD (Down)","GO:0045806","negative regulation of endocytosis","6/283","41/8692",0.146341463414634,4.49469964664311,4.11457084942688,0.00194520457699003,0.0480976282556307,0.0480976282556307,"SYT11/PLSCR1/SIRPA/CD47/LGALS3/B2M",6
"AD (Down)","GO:1903053","regulation of extracellular matrix organization","6/283","41/8692",0.146341463414634,4.49469964664311,4.11457084942688,0.00194520457699003,0.0480976282556307,0.0480976282556307,"AGT/TNFRSF1A/CST3/DDR1/TIMP3/SMAD3",6
"PD (Up)","GO:0070841","inclusion body assembly","12/612","24/8692",0.5,7.10130718954248,8.23709294842546,1.64729697740294e-08,7.29093642198542e-05,7.29093642198542e-05,"DNAJB6/HSPA1A/DNAJB1/HSPA1B/HSP90AA1/BAG3/MAPT/DNAJA4/DNAJB2/SNCAIP/PPP2CB/DYRK1A",12
"PD (Up)","GO:0042026","protein refolding","10/612","21/8692",0.476190476190476,6.76314970432618,7.27679031952212,4.82621088048354e-07,0.00106804046785101,0.00106804046785101,"HSPA8/SNRNP70/HSPA1A/HSPD1/HSPB1/HSPA1B/HSP90AA1/CRYAB/DNAJA4/DNAJB2",10
"PD (Up)","GO:0090083","regulation of inclusion body assembly","9/612","18/8692",0.5,7.10130718954248,7.13106410805607,1.09642783335393e-06,0.0016175965301415,0.0016175965301415,"DNAJB6/HSPA1A/DNAJB1/HSPA1B/DNAJA4/DNAJB2/SNCAIP/PPP2CB/DYRK1A",9
"PD (Up)","GO:0051056","regulation of small GTPase mediated signal transduction","36/612","222/8692",0.162162162162162,2.30312665606783,5.41285403968251,1.79270521028767e-06,0.00198362831518331,0.00198362831518331,"SIPA1L3/CHORDC1/ABR/ARHGAP35/SOS1/KANK1/DLC1/DOCK7/SRGAP3/RIPOR2/PSD2/ARHGEF10L/MMD2/OGT/STARD13/FGD4/LARGE1/RAF1/FXR1/ARHGAP21/ARHGAP32/WNK1/PICALM/SYNPO2/ARHGAP24/DOCK3/VAV3/TIAM2/LRP4/GARNL3/FAM13A/RALGPS1/ARRB1/ARAP1/DENND1A/PPP2CB",36
"PD (Down)","GO:2001233","regulation of apoptotic signaling pathway","36/511","183/8692",0.19672131147541,3.34618716114337,8.01661571336518,8.58084520356771e-11,3.79788208709907e-07,3.79788208709907e-07,"GHITM/PTTG1IP/CLU/GRINA/PARK7/GNAI2/PARP1/FIS1/ENO1/YBX3/SELENOS/WFS1/PML/ACKR3/NUPR1/BEX3/TMBIM1/SOD2/LGALS3/RIPK1/IFI6/DAB2IP/UBB/AGT/CD74/ITM2C/SLC25A5/FGF2/RACK1/DDX3X/GSTP1/TMBIM6/ACAA2/ITGA6/PINK1/RPS3",36
"PD (Down)","GO:0006119","oxidative phosphorylation","23/511","85/8692",0.270588235294118,4.60264763439622,8.34156382371171,3.4232799120972e-10,6.70662033134399e-07,6.70662033134399e-07,"GHITM/MT-ND5/MT-ND4/PARK7/DGUOK/MT-CO1/UQCRFS1/NDUFA5/MT-ATP6/NUPR1/NDUFS3/MT-ND3/NDUFB5/MT-CYB/MT-ND2/COX5B/RHOA/MT-ND1/MT-ND4L/MT-CO3/PINK1/CHCHD2/MT-CO2",23
"PD (Down)","GO:0051129","negative regulation of cellular component organization","61/511","469/8692",0.130063965884861,2.21236006158751,6.74597963862719,2.19553305859436e-09,1.07971436859318e-06,1.07971436859318e-06,"LMOD1/GHITM/CLU/MTPN/PARK7/PLSCR1/RPL7A/CD47/DGUOK/TERF2IP/B2M/IFI16/PARP1/PFDN1/RPL41/SYT11/ANGPTL4/PML/SDCBP/LIMK2/TIMP3/NUPR1/RPL13/BNIP3/SMARCA5/LGALS3/CST3/GAPDH/RPL28/LRPAP1/TMSB4X/CIB1/IFI6/PRNP/PPFIA1/DPYSL3/FAM107A/ITM2C/SLC25A5/RPL15/PMP22/RPL18/DYNLT1/WASF2/UBA52/CD38/RACK1/HES1/DDX3X/CFL1/APOE/VPS35/SLIT1/ACAA2/PINK1/FEZ1/RPL29/SOX9/FEZ2/RPL19/RPL8",61
"PD (Down)","GO:0006959","humoral immune response","18/511","58/8692",0.310344827586207,5.27889871111411,8.17112980041363,2.60841312584698e-09,1.15448364949988e-06,1.15448364949988e-06,"CD59/C3/CLU/HLA-E/FAU/B2M/SERPING1/C1RL/HLA-A/HMGN2/C1S/LGALS3/GAPDH/CXCL14/CD81/C1QBP/C1R/RPS19",18
"PD (Down)","GO:0006979","response to oxidative stress","40/511","256/8692",0.15625,2.65777886497065,6.72853358241282,9.8069123594622e-09,3.9459449184527e-06,3.9459449184527e-06,"PSMD7/MT-ND5/BTG1/PARK7/PNPLA8/MT-CO1/PARP1/SELENOS/PML/SCARA3/GPR37L1/PSMB1/ADCYAP1R1/BNIP3/MT-ND3/SOD2/AQP1/RIPK1/RHOB/STK24/FADS2/GPX4/PRNP/MSRB2/PRDX1/NCOA7/MT-ND1/CD38/RACK1/GSTP1/PSMA7/PSMB5/EEF2/CFL1/SELENOP/APOE/TXNIP/PINK1/CHCHD2/RPS3",40
"PD (Down)","GO:0043069","negative regulation of programmed cell death","55/511","443/8692",0.124153498871332,2.11182428999925,6.00315418386472,7.4120987291727e-08,2.18706326502122e-05,2.18706326502122e-05,"GHITM/PTTG1IP/CLU/GRINA/PARK7/STUB1/GNAI2/ANGPTL4/ENO1/LAMTOR5/YBX3/SELENOS/WFS1/ACKR3/NUPR1/MTDH/BNIP3/TMBIM1/SOD2/LGALS3/AQP1/RIPK1/TSC22D1/SET/ADGRG1/CIB1/IFI6/GPX4/PRNP/ANXA5/CD74/SOCS3/SLC25A5/ERBB2/DAD1/FGFR2/FSTL1/FTH1/FGF2/HNRNPK/VEGFB/CD38/RACK1/BTG2/DDX3X/DAG1/GSTP1/CFL1/IFIT3/TMBIM6/ACAA2/ITGA6/PINK1/ARHGDIA/SOX9",55
"PD (Down)","GO:1902600","proton transmembrane transport","22/511","111/8692",0.198198198198198,3.37130868637718,6.28380586519658,3.73833025291578e-07,8.70834194705538e-05,8.70834194705538e-05,"GHITM/MT-ND5/MT-ND4/MT-CO1/UQCRFS1/SLC25A3/NDUFA5/MT-ATP6/NDUFS3/MT-ND3/NDUFB5/MT-CYB/ATP6V0B/MT-ND2/COX5B/SLC25A5/MT-ND1/ATP6V0E2/MT-ND4L/ATP6AP2/MT-CO3/MT-CO2",22
"PD (Down)","GO:0009206","purine ribonucleoside triphosphate biosynthetic process","16/511","68/8692",0.235294117647059,4.00230229077933,6.21150199084606,1.36817605333229e-06,0.000252314467168696,0.000252314467168696,"MT-ND5/MT-ND4/PARP1/ENO1/NDUFA5/MT-ATP6/NDUFS3/MT-ND3/NDUFB5/TMSB4X/MT-ND2/MT-ND1/MT-ND4L/NME3/ALDOA/PINK1",16
"PD (Down)","GO:0097237","cellular response to toxic substance","16/511","71/8692",0.225352112676056,3.8331909263802,5.99057242060498,2.52867091068895e-06,0.000399710623239617,0.000399710623239617,"PARK7/FIS1/ALDH2/SELENOS/SOD2/SELENOF/GPX4/SELENOT/MGST3/PNKD/PRDX1/GSTM3/GSTP1/ADH5/APOE/PINK1",16
"PD (Down)","GO:0019730","antimicrobial humoral response","9/511","24/8692",0.375,6.37866927592955,6.59421555384649,4.61600905108227e-06,0.000681015202003004,0.000681015202003004,"HLA-E/FAU/B2M/HLA-A/HMGN2/LGALS3/GAPDH/CXCL14/RPS19",9
"PD (Down)","GO:0006956","complement activation","8/511","19/8692",0.421052631578947,7.16201462560511,6.71980979952444,5.73536504676187e-06,0.000795868218547614,0.000795868218547614,"CD59/C3/CLU/SERPING1/C1RL/C1S/C1QBP/C1R",8
"PD (Down)","GO:0032787","monocarboxylic acid metabolic process","38/511","301/8692",0.12624584717608,2.14741468425535,5.06336131855162,5.75413081643101e-06,0.000795868218547614,0.000795868218547614,"ASAH1/ETFB/C3/HSD17B12/PARK7/IDH2/PKM/PNPLA8/SDS/ANGPTL4/ENO1/LPIN2/EPHX1/PGAM1/ACOX1/NUPR1/MGLL/GAPDH/PARP9/FADS2/GPX4/MGST3/CRYL1/CD74/NAMPT/DCXR/HACD3/ECI2/FABP5/CD38/ECHS1/GSTP1/ALDOA/FADS1/ADH5/ACAA2/SOX9/CBR1",38
"PD (Down)","GO:0001666","response to hypoxia","25/511","166/8692",0.150602409638554,2.56171456864641,5.07721050842216,1.19808876783148e-05,0.00151506882469204,0.00151506882469204,"MT-ND5/MT-ND4/STUB1/MT-CO1/ANGPTL4/FIS1/ENO1/ITPR1/PML/BNIP3/SOD2/AQP1/MT-CYB/MT-ND2/ZFP36L1/MT-ND1/FGFR2/VEGFB/CD38/JUND/TMBIM6/ACAA2/PINK1/CHCHD2/MT-CO2",25
"PD (Down)","GO:1901652","response to peptide","49/511","449/8692",0.10913140311804,1.856301674955,4.65639101768267,1.62942684763112e-05,0.00189785348095141,0.00189785348095141,"ASAH1/PSMD7/BST2/ISG15/JAK1/PLSCR1/CD47/MX1/CEBPB/IFI16/CALM1/FIS1/YBX3/OSMR/AKAP12/PML/F3/ACKR3/TIMP3/ZFP36/PSMB1/GAPDH/RIPK1/KRAS/TMSB4X/CIB1/PARP9/DAB2IP/ZFP36L2/STAT1/RHOA/TUBA1A/CD74/ZFP36L1/NFKBIA/DPYSL3/SOCS3/IFITM3/CALR/CD38/HES1/GSTP1/PSMA7/PSMB5/IFIT1/CFL1/IFIT3/PARP14/SOX9",49
"PD (Down)","GO:0001525","angiogenesis","35/511","281/8692",0.124555160142349,2.11865646175596,4.76396111288523,1.81841438575548e-05,0.00201207551783843,0.00201207551783843,"RNH1/SRPX2/FN1/C3/JAK1/BTG1/CD47/GNAI2/PKM/ANGPTL4/SPARC/PML/F3/ACKR3/MTDH/AQP1/ID1/RHOB/ADGRG1/CIB1/RAMP1/DAB2IP/STAT1/RHOA/NCL/BSG/ERBB2/FGFR2/IGFBP7/GLUL/FGF2/VEGFB/DAG1/GADD45A/ACTG1",35
"PD (Down)","GO:0002181","cytoplasmic translation","24/511","160/8692",0.15,2.55146771037182,4.95016229641224,1.91476329702177e-05,0.00206701032990692,0.00206701032990692,"FAU/RPL7A/PKM/RPL41/RPS5/YBX3/RPL13/GAPDH/CNBP/RPL28/RPS2/RPL15/RPL18/UBA52/RACK1/RPS19/RPSA/EEF2/EIF4A2/RPL29/RPS9/RPL19/RPL8/RPS3",24
"PD (Down)","GO:0043123","positive regulation of canonical NF-kappaB signal transduction","22/511","141/8692",0.156028368794326,2.6540089658714,4.94858564753512,2.27053302161169e-05,0.00234285817815657,0.00234285817815657,"TRIM5/BST2/SHISA5/TERF2IP/PARP1/GJA1/LAMTOR5/LGALS1/MTDH/GAPDH/RIPK1/NOD1/DAB2IP/TMED4/RHOC/RHOA/CD74/NAMPT/NDFIP1/TRIM22/TMEM9B/PINK1",22
"PD (Down)","GO:0019882","antigen processing and presentation","12/511","50/8692",0.24,4.08234833659491,5.46262913517401,2.32909534204448e-05,0.00234285817815657,0.00234285817815657,"HLA-E/YTHDF1/B2M/HLA-A/HLA-C/NOD1/CD74/CALR/CTSL/CTSF/RAB34/TAPBP",12
"PD (Down)","GO:0051402","neuron apoptotic process","21/511","132/8692",0.159090909090909,2.70610211706102,4.93625098994387,2.57570357762456e-05,0.00237501334053465,0.00237501334053465,"CLU/GRINA/PARK7/PARP1/FIS1/WFS1/NUPR1/BNIP3/TMBIM1/SOD2/GAPDH/RIPK1/SET/NLRP1/UBB/PRNP/TUBA1A/FGF2/VEGFB/BTG2/PINK1",21
"PD (Down)","GO:0050792","regulation of viral process","16/511","85/8692",0.188235294117647,3.20184183262346,5.09814060114849,2.88812188702835e-05,0.0026087403004056,0.0026087403004056,"TRIM5/BST2/ISG15/PLSCR1/MX1/IFI16/STOM/ZFP36/LGALS1/STAT1/BSG/IFITM3/HACD3/DYNLT1/DDX3X/IFIT1",16
"PD (Down)","GO:0009611","response to wounding","33/511","267/8692",0.123595505617978,2.10233294487566,4.57220392103578,3.69951574428525e-05,0.00321059934984442,0.00321059934984442,"CD59/FN1/CADM4/PLSCR1/CSRP1/SERPING1/ITGB4/SYT11/ANGPTL4/CD9/F3/ZFP36/PROS1/BNIP3/PTN/ADGRG1/STK24/ACTB/ZFP36L2/RHOC/RHOA/ANXA5/PLEC/ZFP36L1/CSPG5/DPYSL3/ERBB2/DDR1/FGF2/VEGFB/DAG1/ACTG1/APOE",33
"PD (Down)","GO:0042063","gliogenesis","22/511","146/8692",0.150684931506849,2.5631182478621,4.76024105284902,3.94766100731565e-05,0.00323933487248941,0.00323933487248941,"CLU/ID2/IDH2/ATP1B2/LGI4/CD9/BNIP3/PTN/METRN/ADGRG1/DAB2IP/PLEC/TUBA1A/CSPG5/ERBB2/HES1/DAG1/GSTP1/EEF2/GPC1/GFAP/SOX9",22
"PD (Down)","GO:0009615","response to virus","29/511","222/8692",0.130630630630631,2.22199890693041,4.60943535072708,3.96958688076359e-05,0.00323933487248941,0.00323933487248941,"TRIM5/CLU/BST2/ISG15/PLSCR1/NPC2/MX1/IFI16/ENO1/LAMTOR5/PML/BNIP3/SMARCA5/ARF1/IFI6/PARP9/IFI44L/NLRP1/STAT1/IFITM3/CALR/C1QBP/RPSA/DDX3X/MAP3K14/IFIT1/TRIM22/CFL1/IFIT3",29
"PD (Down)","GO:0051051","negative regulation of transport","29/511","222/8692",0.130630630630631,2.22199890693041,4.60943535072708,3.96958688076359e-05,0.00323933487248941,0.00323933487248941,"PARK7/PLSCR1/IDH2/CD47/GNAI2/B2M/CALM1/SYT11/FIS1/GJA1/MIDN/SELENOS/SDCBP/YWHAE/SLC43A2/LGALS3/CALM3/LRPAP1/AGT/CD74/NFKBIA/PNKD/RACK1/HES1/APOE/VPS35/TMBIM6/ARL6IP5/YWHAB",29
"PD (Down)","GO:0043068","positive regulation of programmed cell death","35/511","292/8692",0.11986301369863,2.0388440607994,4.51278114934841,4.12863576933271e-05,0.00323933487248941,0.00323933487248941,"CLU/BTG1/STUB1/PARP1/TMEM164/FIS1/AKAP12/ITPR1/PML/F3/GADD45B/LGALS1/NUPR1/BNIP3/SOD2/RIPK1/NOD1/TSC22D1/RHOB/DAB2IP/UBB/PRNP/AGT/ITM2C/PNMA2/C1QBP/RACK1/TCTN3/DDX3X/GADD45A/ITGA6/TXNIP/ARL6IP5/ID3/RPS3",35
"PD (Down)","GO:0046390","ribose phosphate biosynthetic process","18/511","107/8692",0.168224299065421,2.86145911443569,4.84191732321202,4.53397753698247e-05,0.00337048319888353,0.00337048319888353,"MT-ND5/MT-ND4/GUK1/PARP1/ENO1/NDUFA5/MT-ATP6/ADCYAP1R1/NDUFS3/MT-ND3/NDUFB5/TMSB4X/MT-ND2/MT-ND1/MT-ND4L/NME3/ALDOA/PINK1",18
"PD (Down)","GO:0009636","response to toxic substance","20/511","127/8692",0.15748031496063,2.67870625760821,4.76271961323317,4.64526604455254e-05,0.00337048319888353,0.00337048319888353,"PARK7/FIS1/ALDH2/SELENOS/EPHX1/SNN/SOD2/SELENOF/MT-CYB/GPX4/SELENOT/MGST3/PNKD/PRDX1/GSTM3/UBA52/GSTP1/ADH5/APOE/PINK1",20
"PD (Down)","GO:0034097","response to cytokine","47/511","444/8692",0.105855855855856,1.80058532113327,4.32779728972415,5.30067791687858e-05,0.00372393658096898,0.00372393658096898,"ASAH1/PSMD7/BST2/ISG15/JAK1/PLSCR1/CD47/MX1/CEBPB/IFI16/CALM1/YBX3/OSMR/AKAP12/PML/F3/ACKR3/TIMP3/ZFP36/PSMB1/GAPDH/RIPK1/KRAS/TMSB4X/CIB1/PARP9/DAB2IP/ZFP36L2/STAT1/RHOA/TUBA1A/CD74/ZFP36L1/NFKBIA/DPYSL3/SOCS3/IFITM3/CD38/HES1/GSTP1/PSMA7/PSMB5/IFIT1/CFL1/IFIT3/PARP14/SOX9",47
"PD (Down)","GO:0002683","negative regulation of immune system process","32/511","261/8692",0.122605363984674,2.0854908488352,4.44988722070907,5.68220206054817e-05,0.00392959786249785,0.00392959786249785,"CD59/FN1/CLU/HLA-E/SDC4/BST2/ISG15/PHPT1/ID2/CEBPB/SERPING1/IFI16/PARP1/SYT11/MFHAS1/HLA-A/SELENOS/YWHAE/LGALS1/PSMB1/LGALS3/TSC22D1/TMEM176B/DAB2IP/PRNP/C1QBP/RPS19/PSMA7/VSIR/PARP14/TMBIM6/SOX9",32
"PD (Down)","GO:1901740","negative regulation of myoblast fusion","10/511","39/8692",0.256410256410256,4.36148326559285,5.25801758107874,6.09852039178361e-05,0.00408970473545974,0.00408970473545974,"RPL7A/RPL41/RPL13/RPL28/RPL15/RPL18/UBA52/RPL29/RPL19/RPL8",10
"PD (Down)","GO:0062197","cellular response to chemical stress","26/511","194/8692",0.134020618556701,2.27966187180987,4.50484508059543,6.41840606226416e-05,0.00409963525324244,0.00409963525324244,"PARK7/XRCC6/PNPLA8/PARP1/YBX3/SELENOS/PML/GPR37L1/ADCYAP1R1/BNIP3/SOD2/AQP1/RIPK1/RHOB/STK24/FADS2/GPX4/PLEC/ZFP36L1/PRDX1/RACK1/DDX3X/CFL1/PINK1/CHCHD2/RPS3",26
"PD (Down)","GO:0071364","cellular response to epidermal growth factor stimulus","9/511","32/8692",0.28125,4.78400195694716,5.35931796439957,6.48383343260214e-05,0.00409963525324244,0.00409963525324244,"ZFP36/EEF1A1/DAB2IP/ZFP36L2/ZFP36L1/ERBB2/GSTP1/CFL1/SOX9",9
"PD (Down)","GO:0031347","regulation of defense response","46/511","438/8692",0.105022831050228,1.78641574850995,4.22084256607916,7.73502661144164e-05,0.00475489274753343,0.00475489274753343,"TRIM5/C3/HLA-E/ISG15/PARK7/PLSCR1/CD47/XRCC6/CEBPB/B2M/SERPING1/IFI16/HMGB2/PARP1/LAMP1/SYT11/MFHAS1/HLA-A/OSMR/SELENOS/HLA-C/PML/YWHAE/LGALS1/NUPR1/MGLL/RIPK1/NOD1/TMSB4X/PARP9/DAB2IP/NLRP1/STAT1/AGT/NFKBIA/CD81/C1QBP/RPS19/DDX3X/GSTP1/TMEM219/ZDHHC3/TRIM22/APOE/VPS35/PARP14",46
"PD (Down)","GO:0071384","cellular response to corticosteroid stimulus","8/511","26/8692",0.307692307692308,5.23377991871143,5.40315889054061,8.21546696547188e-05,0.00489213705525453,0.00489213705525453,"ZFP36/MT-ND3/AQP1/RAN/ZFP36L2/ZFP36L1/FAM107A/GSTP1",8
"PD (Down)","GO:0002526","acute inflammatory response","9/511","33/8692",0.272727272727273,4.63903220067604,5.23420981342137,8.4567917505349e-05,0.00492496845892993,0.00492496845892993,"FN1/HLA-E/PARK7/PLSCR1/CEBPB/OSMR/SELENOS/F3/GSTP1",9
"PD (Down)","GO:0016032","viral process","30/511","244/8692",0.122950819672131,2.09136697571461,4.32146397912407,9.18211840486905e-05,0.00527792935843512,0.00527792935843512,"TRIM5/BST2/ISG15/PLSCR1/MX1/VPS28/IFI16/SCARB2/LAMP1/LAMTOR5/STOM/ZFP36/LGALS1/RAN/SPCS1/PARP9/STAT1/BSG/CD81/IFITM3/HACD3/DYNLT1/CTSL/CANX/RPSA/DDX3X/DAG1/IFIT1/APOE/CTSB",30
"PD (Down)","GO:0046034","ATP metabolic process","20/511","135/8692",0.148148148148148,2.5199681090092,4.44818378781201,0.000112027522754411,0.00627637741406357,0.00627637741406357,"MT-ND5/MT-ND4/PKM/PARP1/FIS1/ENO1/NDUFA5/MT-ATP6/PGAM1/NUPR1/NDUFS3/MT-ND3/NDUFB5/GAPDH/TMSB4X/MT-ND2/MT-ND1/MT-ND4L/ALDOA/PINK1",20
"PD (Down)","GO:0007565","female pregnancy","13/511","67/8692",0.194029850746269,3.30040599351579,4.72394104131296,0.000116407306090663,0.00644023420946595,0.00644023420946595,"PARP1/GJA1/PTN/KRAS/BSG/DDR1/IGFBP7/MAGED2/CALR/C1QBP/CD38/NDP/RPL29",13
"PD (Down)","GO:0040017","positive regulation of locomotion","38/511","346/8692",0.109826589595376,1.86812664728573,4.11835779956117,0.000130959866016926,0.00673986473245247,0.00673986473245247,"SRPX2/FN1/PHPT1/CD47/MAPRE2/GNAI2/SPARC/AKAP12/SDCBP/F3/ACKR3/RAB11A/PTN/SOD2/LGALS3/TMSB4X/RHOB/CIB1/DAB2IP/RHOC/RHOA/AGT/CD74/BSG/FAM107A/CALR/C1QBP/FGF2/VEGFB/RACK1/NEDD9/VSIR/ACTG1/CFL1/VPS35/ITGA6/PINK1/SOX9",38
"PD (Down)","GO:1902950","regulation of dendritic spine maintenance","5/511","10/8692",0.5,8.50489236790607,5.9343984984513,0.000135562534628334,0.00689654917545986,0.00689654917545986,"PRNP/NEDD9/CFL1/APOE/VPS35",5
"PD (Down)","GO:0021762","substantia nigra development","9/511","35/8692",0.257142857142857,4.37394464635169,4.99839294988461,0.000139322899243173,0.00692857474213799,0.00692857474213799,"CCDC14/CALM1/MAOB/YWHAE/NDUFS3/CALM3/ACTB/CKB/RHOA",9
"PD (Down)","GO:0070849","response to epidermal growth factor","9/511","35/8692",0.257142857142857,4.37394464635169,4.99839294988461,0.000139322899243173,0.00692857474213799,0.00692857474213799,"ZFP36/EEF1A1/DAB2IP/ZFP36L2/ZFP36L1/ERBB2/GSTP1/CFL1/SOX9",9
"PD (Down)","GO:0042542","response to hydrogen peroxide","11/511","51/8692",0.215686274509804,3.66877709988105,4.77702502706848,0.000144446002120011,0.00702547258662821,0.00702547258662821,"MT-ND5/PARK7/BNIP3/SOD2/AQP1/RIPK1/RHOB/EEF2/CFL1/TXNIP/RPS3",11
"PD (Down)","GO:0051248","negative regulation of protein metabolic process","38/511","349/8692",0.108882521489971,1.85206825203685,4.0603933163798,0.000156828930097041,0.00730657731167899,0.00730657731167899,"CADM4/CLU/TAF7/ISG15/PARK7/GABARAPL2/VPS28/PFDN1/ITM2B/PML/TIMP3/ZFP36/BEX3/CST3/GAPDH/MAP1A/CIB1/DAB2IP/ZFP36L2/BEX1/PRNP/AGT/TOB1/NCL/ZFP36L1/ITM2C/CALR/RACK1/BTG2/DDX3X/GADD45A/BEX2/BEX4/APOE/VPS35/CIRBP/PARP14/RPS3",38
"PD (Down)","GO:2000147","positive regulation of cell motility","37/511","338/8692",0.109467455621302,1.86201785569541,4.03988967530562,0.000171579769883367,0.00764705425286039,0.00764705425286039,"SRPX2/FN1/PHPT1/CD47/MAPRE2/GNAI2/SPARC/AKAP12/SDCBP/F3/ACKR3/RAB11A/PTN/SOD2/LGALS3/TMSB4X/RHOB/CIB1/DAB2IP/RHOC/RHOA/AGT/CD74/BSG/FAM107A/CALR/C1QBP/FGF2/VEGFB/RACK1/NEDD9/VSIR/ACTG1/CFL1/ITGA6/PINK1/SOX9",37
"PD (Down)","GO:1903829","positive regulation of protein localization","34/511","301/8692",0.112956810631229,1.9213710332811,4.06586608482976,0.000172775740010402,0.00764705425286039,0.00764705425286039,"ZDHHC2/JAK1/PHPT1/PARK7/VPS28/PARP1/SYT11/LRRC8A/LAMTOR5/PML/LIMK2/YWHAE/RAB11A/LGALS3/LAMTOR1/MAP1A/CIB1/RAN/PARP9/PRNP/BSG/TMED10/CD81/CD38/RACK1/DAG1/NEDD9/ALDOA/CFL1/VIM/APOE/VPS35/B3GAT3/PINK1",34
"PD (Down)","GO:0140253","cell-cell fusion","12/511","62/8692",0.193548387096774,3.29221640047977,4.52676751987658,0.00021723649032641,0.0087911218688541,0.0087911218688541,"RPL7A/RPL41/CD9/RPL13/RPL28/RPL15/CD81/RPL18/UBA52/RPL29/RPL19/RPL8",12
"PD (Down)","GO:0071345","cellular response to cytokine stimulus","41/511","393/8692",0.104325699745547,1.77455769508473,3.92716631996102,0.000220301161814658,0.0087911218688541,0.0087911218688541,"ASAH1/PSMD7/ISG15/JAK1/CD47/MX1/CEBPB/IFI16/CALM1/YBX3/OSMR/AKAP12/F3/ACKR3/ZFP36/PSMB1/GAPDH/RIPK1/KRAS/TMSB4X/CIB1/PARP9/DAB2IP/ZFP36L2/STAT1/RHOA/CD74/ZFP36L1/NFKBIA/DPYSL3/SOCS3/IFITM3/HES1/GSTP1/PSMA7/PSMB5/IFIT1/CFL1/IFIT3/PARP14/SOX9",41
"PD (Down)","GO:0048144","fibroblast proliferation","9/511","37/8692",0.243243243243243,4.13751520600836,4.77964117676553,0.000220924522762656,0.0087911218688541,0.0087911218688541,"FN1/S100A6/PML/AQP1/DAB2IP/AGT/CD74/FTH1/GSTP1",9
"PD (Down)","GO:0048145","regulation of fibroblast proliferation","9/511","37/8692",0.243243243243243,4.13751520600836,4.77964117676553,0.000220924522762656,0.0087911218688541,0.0087911218688541,"FN1/S100A6/PML/AQP1/DAB2IP/AGT/CD74/FTH1/GSTP1",9
"PD (Down)","GO:0051093","negative regulation of developmental process","46/511","458/8692",0.100436681222707,1.70840632717764,3.89270836044373,0.000221850372380271,0.0087911218688541,0.0087911218688541,"CCDC85B/CRIM1/ID2/RPL7A/IDH2/B2M/PARP1/RPL41/SPARC/PML/ZFP36/LGALS1/PSMB1/RPL13/BNIP3/PTN/CST3/TSC22D1/RPL28/TMEM176B/TMSB4X/CIB1/ACTB/DAB2IP/ZFP36L2/STAT1/ZFP36L1/NFKBIA/RPL15/RPL18/DYNLT1/CALR/UBA52/HES1/PSMA7/GADD45A/CFL1/APOE/SLIT1/PINK1/RPL29/VASN/ID3/SOX9/RPL19/RPL8",46
"PD (Down)","GO:0160307","protein biosynthetic process","45/511","446/8692",0.100896860986547,1.71623388590033,3.88099208461895,0.000234428144599497,0.00902242580867282,0.00902242580867282,"EIF1/MTPN/YTHDF1/SECISBP2/FAU/RPL7A/PKM/RPL41/RPS5/YBX3/PML/ZFP36/RPL13/EEF1A1/GAPDH/CNBP/RPL28/RPS2/TUFM/ZFP36L2/SELENOT/TOB1/NCL/ZFP36L1/ERBB2/RPL15/RPL18/AURKAIP1/CALR/C1QBP/UBA52/RACK1/RPS19/RPSA/BTG2/DDX3X/EEF2/EIF4A2/CIRBP/PINK1/RPL29/RPS9/RPL19/RPL8/RPS3",45
"PD (Down)","GO:0044706","multi-multicellular organism process","13/511","72/8692",0.180555555555556,3.07121113285497,4.41041153967286,0.000248379843410393,0.0092945106565255,0.0092945106565255,"PARP1/GJA1/PTN/KRAS/BSG/DDR1/IGFBP7/MAGED2/CALR/C1QBP/CD38/NDP/RPL29",13
"PD (Down)","GO:0031960","response to corticosteroid","12/511","63/8692",0.19047619047619,3.23995899729755,4.45935695626283,0.000254321967817515,0.00938024191300266,0.00938024191300266,"PARP1/ZFP36/MT-ND3/AQP1/KRAS/CALM3/RAN/ZFP36L2/ZFP36L1/FAM107A/IGFBP7/GSTP1",12
"PD (Down)","GO:0072593","reactive oxygen species metabolic process","17/511","112/8692",0.151785714285714,2.58184232597148,4.21085889024386,0.000268640939014641,0.00969996166235416,0.00969996166235416,"PARK7/GNAI2/MAOB/ACOX1/BNIP3/NDUFS3/SOD2/RIPK1/IFI6/RHOA/AGT/DCXR/PRDX1/GSTP1/GADD45A/PINK1/CBR1",17
"PD (Down)","GO:0030097","hemopoiesis","44/511","438/8692",0.100456621004566,1.70874549857473,3.80397159462961,0.000302998729702617,0.0108150998198692,0.0108150998198692,"LMO2/PBXIP1/ISG15/JAK1/ID2/XRCC6/CEBPB/SBDS/IFI16/HMGB2/PARP1/LRRC8A/MFHAS1/ZFP36/LGALS1/PSMB1/PTN/RIPK1/TSC22D1/TMEM176B/TMSB4X/CIB1/ACTB/JUNB/ZFP36L2/STAT1/RHOA/CD74/ZFP36L1/SOCS3/SLC25A5/MXRA7/CD81/FGFR2/CTSL/GLUL/HES1/RPS19/NEDD9/PSMA7/VSIR/CD164/PINK1/ETV6",44
"PD (Down)","GO:0048857","neural nucleus development","9/511","39/8692",0.230769230769231,3.92533493903357,4.57579625560612,0.00033874177455398,0.0118989769379041,0.0118989769379041,"CCDC14/CALM1/MAOB/YWHAE/NDUFS3/CALM3/ACTB/CKB/RHOA",9
"PD (Down)","GO:0120254","olefinic compound metabolic process","11/511","56/8692",0.196428571428571,3.3412077159631,4.39258093341179,0.000345762508839507,0.0119558192509661,0.0119558192509661,"PNPLA8/DHRS7/EPHX1/HSD17B6/MGLL/FADS2/GPX4/DKK3/MGST3/GSTP1/FADS1",11
"PD (Down)","GO:0051602","response to electrical stimulus","6/511","18/8692",0.333333333333333,5.66992824527071,4.95654301937364,0.000405113980187407,0.0136872860786982,0.0136872860786982,"HPCA/MT-CO1/AKAP12/SOD2/CALR/BTG2",6
"PD (Down)","GO:0001817","regulation of cytokine production","41/511","405/8692",0.101234567901235,1.72197820782296,3.71873353253812,0.000414811418448357,0.0138041754740784,0.0138041754740784,"FN1/C3/CLU/HLA-E/BST2/ISG15/PARK7/CD47/CEBPB/B2M/IFI16/HMGB2/SYT11/LAMTOR5/HLA-A/SELENOS/AKAP12/PML/F3/ZFP36/PSMB1/GAPDH/RIPK1/NOD1/NLRP1/STAT1/PRNP/AGT/CD74/BSG/NFKBIA/TMED10/CD81/ATP6AP2/C1QBP/DDX3X/GSTP1/PSMA7/VSIR/PLAGL1/TMEM219",41
"PD (Down)","GO:0001816","cytokine production","41/511","410/8692",0.1,1.70097847358121,3.63388454896016,0.000533558448496,0.0169894222521101,0.0169894222521101,"FN1/C3/CLU/HLA-E/BST2/ISG15/PARK7/CD47/CEBPB/B2M/IFI16/HMGB2/SYT11/LAMTOR5/HLA-A/SELENOS/AKAP12/PML/F3/ZFP36/PSMB1/GAPDH/RIPK1/NOD1/NLRP1/STAT1/PRNP/AGT/CD74/BSG/NFKBIA/TMED10/CD81/ATP6AP2/C1QBP/DDX3X/GSTP1/PSMA7/VSIR/PLAGL1/TMEM219",41
"PD (Down)","GO:0014902","myotube differentiation","13/511","78/8692",0.166666666666667,2.83496412263536,4.06831501587758,0.000559046374437326,0.0175472766220483,0.0175472766220483,"RPL7A/RPL41/CD9/RPL13/RPL28/PLEC/RPL15/CD81/RPL18/UBA52/RPL29/RPL19/RPL8",13
"PD (Down)","GO:0032103","positive regulation of response to external stimulus","37/511","359/8692",0.103064066852368,1.75309759115613,3.64199982467534,0.000562971821132142,0.0175472766220483,0.0175472766220483,"TRIM5/HLA-E/PARK7/PLSCR1/CD47/XRCC6/CEBPB/IFI16/HMGB2/PARP1/LAMP1/MFHAS1/OSMR/HLA-C/F3/YWHAE/LGALS1/NUPR1/PTN/RIPK1/NOD1/TMSB4X/PARP9/DAB2IP/NLRP1/AGT/CD74/NFKBIA/CD81/CALR/C1QBP/FGF2/VEGFB/RPS19/DDX3X/NEDD9/ZDHHC3",37
"PD (Down)","GO:0040007","growth","38/511","373/8692",0.101876675603217,1.73290032161089,3.61581244107475,0.000595190455775241,0.0182259796196966,0.0182259796196966,"CCDC85B/CGRRF1/MTPN/BST2/BTG1/CD9/ENO1/GJA1/WFS1/PML/SDCBP/PTN/LAMTOR1/KRAS/CIB1/PPIB/AGT/PLEC/BSG/FAM107A/ERBB2/CD81/FGFR2/IGFBP7/FGF2/CD38/RACK1/PSAP/DDX3X/DAG1/TSC22D4/PPP2R1A/CFL1/VIM/APOE/SLIT1/OSGIN2/SOX9",38
"PD (Down)","GO:0002920","regulation of humoral immune response","5/511","13/8692",0.384615384615385,6.54222489838928,4.99761855921983,0.000597100552384999,0.0182259796196966,0.0182259796196966,"CD59/C3/CLU/SERPING1/C1QBP",5
"PD (Down)","GO:0048878","chemical homeostasis","46/511","481/8692",0.0956340956340956,1.62671538014004,3.53416639977466,0.000660728723719791,0.0197593603458364,0.0197593603458364,"PHPT1/SRI/PARK7/ATP1B2/NPC2/B2M/PNPLA8/PDZD8/LAMP1/ANGPTL4/LRRC8A/FIS1/ITPR1/WFS1/PML/YWHAE/NUCKS1/ACOX1/ORMDL1/BNIP3/FTL/SOD2/AQP1/CNBP/LAMTOR1/ARF1/ATP6V0B/SLC39A14/TMCO1/SELENOT/PRNP/AGT/SLC26A3/ATP6V0E2/FTH1/ATP6AP2/CALR/GLUL/RACK1/DDX3X/GSTP1/TSC22D4/ALDOA/NDFIP1/APOE/TMEM9",46
"PD (Down)","GO:0008285","negative regulation of cell population proliferation","33/511","311/8692",0.106109324758842,1.80489677261029,3.61255600717831,0.000669445223185976,0.0198856681732962,0.0198856681732962,"CGRRF1/HLA-E/SDC4/BTG1/IDH2/CEBPB/B2M/SPARC/PML/NUPR1/PTN/SOD2/TSC22D1/ADGRG1/CIB1/DAB2IP/STAT1/PRNP/TOB1/FBXO2/PMP22/FGFR2/IGFBP7/FTH1/HES1/BTG2/GSTP1/COPS8/VSIR/JUND/IFIT3/APOE/SOX9",33
"PD (Down)","GO:0097435","supramolecular fiber organization","46/511","484/8692",0.0950413223140496,1.61663243356892,3.48877128875975,0.000755101546874597,0.0218358901077012,0.0218358901077012,"LMOD1/RNH1/CLU/MTPN/SDC4/CDC42EP4/PARK7/CSRP1/CD47/CNN3/B2M/PFDN1/COTL1/TMSB10/LIMK2/RAB11A/CST3/RIPK1/MAP1A/ARF1/TMSB4X/RHOB/CIB1/ACTB/RHOC/RHOA/MARCKS/TBCB/MSRB2/PLEC/TUBA1A/PPFIA1/DPYSL3/FAM107A/WASF2/THSD4/NEDD9/ACTG1/ALDOA/CFL1/VIM/APOE/BRK1/GFAP/RPS3/MARCKSL1",46
"PD (Down)","GO:0010644","cell communication by electrical coupling","6/511","20/8692",0.3,5.10293542074364,4.59084017193171,0.000764700173224964,0.0218358901077012,0.0218358901077012,"SRI/ATP1B2/CALM1/GJA1/GJB6/CALM3",6
"PD (Down)","GO:0031638","zymogen activation","6/511","20/8692",0.3,5.10293542074364,4.59084017193171,0.000764700173224964,0.0218358901077012,0.0218358901077012,"C1RL/ENO1/C1S/CTSL/C1R/VSIR",6
"PD (Down)","GO:0031396","regulation of protein ubiquitination","17/511","123/8692",0.138211382113821,2.35094585779517,3.77109572866446,0.000817532002236875,0.0229590910072915,0.0229590910072915,"PTTG1IP/ISG15/PARK7/STUB1/VPS28/WFS1/BEX3/RPS2/UBB/BEX1/FAM107A/DDX3X/BEX2/BEX4/NDFIP1/PINK1/RPS3",17
"PD (Down)","GO:0097305","response to alcohol","18/511","134/8692",0.134328358208955,2.28489645704939,3.74607543380349,0.000817928466527416,0.0229590910072915,0.0229590910072915,"MT-ND4/PARP1/ADCYAP1R1/SOD2/CALM3/MT-CYB/GPR155/FGFR2/IGFBP7/FGF2/BTG2/DAG1/GSTP1/EEF2/ANXA7/JUND/GFAP/MT-CO2",18
"PD (Down)","GO:0051607","defense response to virus","21/511","168/8692",0.125,2.12622309197652,3.68382912243829,0.000819597012912802,0.0229590910072915,0.0229590910072915,"TRIM5/BST2/ISG15/PLSCR1/MX1/IFI16/PML/BNIP3/SMARCA5/IFI6/PARP9/IFI44L/NLRP1/STAT1/IFITM3/C1QBP/RPSA/MAP3K14/IFIT1/TRIM22/IFIT3",21
"PD (Down)","GO:0044282","small molecule catabolic process","22/511","180/8692",0.122222222222222,2.07897368993259,3.65572424144196,0.000843468448737838,0.0234791909063753,0.0234791909063753,"ETFB/PKM/SDS/ENO1/LPIN2/ASRGL1/ALDH2/HSD17B6/PGAM1/ACOX1/ALDH6A1/NUDT3/GAPDH/CRYL1/PNKD/DCXR/ECI2/GLUL/ECHS1/ALDOA/ADH5/ACAA2",22
"PD (Down)","GO:2000379","positive regulation of reactive oxygen species metabolic process","9/511","44/8692",0.204545454545455,3.47927415050703,4.12036015562036,0.000871579176346027,0.024110058965672,0.024110058965672,"PARK7/GNAI2/SOD2/RIPK1/AGT/DCXR/GSTP1/GADD45A/CBR1",9
"PD (Down)","GO:0009988","cell-cell recognition","5/511","14/8692",0.357142857142857,6.0749231199329,4.74925830825311,0.000884248335034674,0.0241585378448362,0.0241585378448362,"CD9/LGALS3/CD81/NEDD9/ALDOA",5
"PD (Down)","GO:0034341","response to type II interferon","12/511","72/8692",0.166666666666667,2.83496412263536,3.90735005861102,0.000903999160678602,0.024396952958314,0.024396952958314,"BST2/JAK1/CD47/CALM1/PSMB1/GAPDH/PARP9/STAT1/CD74/IFITM3/PSMA7/PARP14",12
"PD (Down)","GO:0002252","immune effector process","29/511","267/8692",0.108614232209738,1.84750470913315,3.51523954011189,0.000969179128394357,0.0258408844715266,0.0258408844715266,"CD59/C3/CLU/HLA-E/BST2/JAK1/CEBPB/B2M/SERPING1/C1RL/LAMP1/HLA-A/HLA-C/LGALS1/PSMB1/C1S/LGALS3/JUNB/PLEC/CD74/SOCS3/CD81/C1QBP/C1R/RPS19/PSMA7/TUBB4B/TUBB/TMBIM6",29
"PD (Down)","GO:0010038","response to metal ion","22/511","182/8692",0.120879120879121,2.05612782520806,3.59856645738694,0.000978553333691323,0.0259345931432203,0.0259345931432203,"PARK7/PLSCR1/HPCA/B2M/MT-CO1/PARP1/ITPKC/CALM1/UROS/CLIC4/BNIP3/SOD2/AQP1/CALM3/MT-CYB/PRNP/TUBA1A/BSG/CALR/ANXA7/JUND/TXNIP",22
"PD (Down)","GO:0051247","positive regulation of protein metabolic process","44/511","464/8692",0.0948275862068965,1.61299682839598,3.39165918352258,0.00102819605740523,0.0262166657808995,0.0262166657808995,"C3/PTTG1IP/ELOB/CLU/MTPN/YTHDF1/STUB1/PKM/VPS28/ENO1/YBX3/WFS1/NUPR1/RIPK1/CNBP/RPS2/CIB1/RAMP1/PARP9/DAB2IP/UBB/RHOA/FAM107A/ERBB2/CD81/AURKAIP1/C1QBP/FGF2/VEGFB/RACK1/HES1/DDX3X/NEDD9/COPS8/EEF2/VSIR/NDFIP1/CFL1/APOE/VPS35/CIRBP/PARP14/PINK1/TIPARP",44
"PD (Down)","GO:0060326","cell chemotaxis","19/511","148/8692",0.128378378378378,2.18368858094885,3.62977599811262,0.001036583034717,0.0262166657808995,0.0262166657808995,"C3/SBDS/HMGB2/ACKR3/PTN/LGALS3/CXCL14/TMSB4X/PPIB/PLEC/CD74/BSG/CALR/C1QBP/FGF2/VEGFB/RPS19/GSTP1/NEDD9",19
"PD (Down)","GO:0006612","protein targeting to membrane","12/511","74/8692",0.162162162162162,2.75834347067224,3.79628192161881,0.00116029049279489,0.028689640900057,0.028689640900057,"ZDHHC2/HPCA/SEC62/SDCBP/STOM/CIB1/PRNP/SSR1/ERBB2/ZDHHC3/SRP14/SSR3",12
"PD (Down)","GO:1900271","regulation of long-term synaptic potentiation","7/511","29/8692",0.241379310344828,4.10581010864431,4.18679666531732,0.00116947756300823,0.0287561538548579,0.0287561538548579,"ZDHHC2/YTHDF1/NRGN/PTN/PRNP/FAM107A/APOE",7
"PD (Down)","GO:0006941","striated muscle contraction","17/511","127/8692",0.133858267716535,2.27690031896698,3.62274112324604,0.00117717102598444,0.0287854086243488,0.0287854086243488,"SRI/RPL7A/RPL41/CALM1/GJA1/RPL13/RPL28/CALM3/RPL15/C12orf57/RPL18/UBA52/EEF2/ALDOA/RPL29/RPL19/RPL8",17
"PD (Down)","GO:0040013","negative regulation of locomotion","22/511","185/8692",0.118918918918919,2.02278521182631,3.51418173001765,0.00121604089566066,0.0291821358592946,0.0291821358592946,"BST2/IDH2/ATP1B2/CD63/GJA1/CLIC4/RHOB/ADGRG1/STK24/DAB2IP/RHOA/CD74/DPYSL3/CALR/FGF2/DAG1/GSTP1/NEDD9/GADD45A/CFL1/APOE/SLIT1",22
"PD (Down)","GO:0019725","cellular homeostasis","40/511","414/8692",0.0966183574879227,1.64345746239731,3.35273655912565,0.00121625830446267,0.0291821358592946,0.0291821358592946,"PHPT1/SRI/ATP1B2/B2M/PDZD8/LAMP1/LRRC8A/FIS1/SELENOS/ITPR1/WFS1/PML/YWHAE/NUCKS1/ORMDL1/BNIP3/FTL/SOD2/AQP1/MAP1A/ARF1/ATP6V0B/SLC39A14/TMCO1/SELENOT/PRNP/SLC26A3/PRDX1/ATP6V0E2/FTH1/ATP6AP2/CALR/GLUL/RACK1/GSTP1/TSC22D4/ALDOA/NDFIP1/TMEM9/PINK1",40
"PD (Down)","GO:0061621","canonical glycolysis","5/511","15/8692",0.333333333333333,5.66992824527071,4.52390177818866,0.00126281486554152,0.029572585158131,0.029572585158131,"PKM/ENO1/PGAM1/GAPDH/ALDOA",5
"PD (Down)","GO:0061718","glucose catabolic process to pyruvate","5/511","15/8692",0.333333333333333,5.66992824527071,4.52390177818866,0.00126281486554152,0.029572585158131,0.029572585158131,"PKM/ENO1/PGAM1/GAPDH/ALDOA",5
"PD (Down)","GO:0045058","T cell selection","8/511","38/8692",0.210526315789474,3.58100731280255,3.98487512738365,0.001377429864746,0.031588106639201,0.031588106639201,"JAK1/LGALS1/PSMB1/RHOA/CD74/SOCS3/CTSL/PSMA7",8
"PD (Down)","GO:0060429","epithelium development","38/511","391/8692",0.0971867007672634,1.65312485923494,3.30264211478498,0.00144142898040885,0.032885384882936,0.032885384882936,"ASAH1/SDC4/BTG1/ID2/CNN3/CEBPB/CD63/GJA1/ZFP36/CLIC4/LGALS3/AQP1/RHOB/ACTB/STAT1/RHOC/RHOA/MARCKS/AGT/PLEC/BSG/ZFP36L1/FGFR2/GSTM3/DDR1/FSTL1/ATP6AP2/FGF2/HES1/PSAP/DAG1/ACTG1/ANXA7/TUBB/CTSB/TXNIP/SOX9/CBR1",38
"PD (Down)","GO:1903706","regulation of hemopoiesis","24/511","213/8692",0.112676056338028,1.9165954631901,3.38483354291216,0.00157930977224649,0.0354823606698627,0.0354823606698627,"ISG15/ID2/XRCC6/CEBPB/HMGB2/ZFP36/LGALS1/PSMB1/PTN/RIPK1/TSC22D1/TMEM176B/CIB1/ACTB/JUNB/ZFP36L2/STAT1/RHOA/CD74/ZFP36L1/GLUL/NEDD9/PSMA7/VSIR",24
"PD (Down)","GO:0008637","apoptotic mitochondrial changes","10/511","57/8692",0.175438596491228,2.9841727606688,3.75601976362183,0.00159616275867179,0.0356798806559663,0.0356798806559663,"GHITM/CLU/FIS1/BNIP3/SOD2/IFI6/SLC25A5/VPS35/ACAA2/PINK1",10
"PD (Down)","GO:0006081","aldehyde metabolic process","8/511","39/8692",0.205128205128205,3.48918661247428,3.8935749301335,0.00164547840415039,0.0365974242048725,0.0365974242048725,"PARK7/IDH2/TALDO1/ALDH9A1/ALDH2/DKK3/PNKD/ADH5",8
"PD (Down)","GO:0044283","small molecule biosynthetic process","31/511","302/8692",0.102649006622517,1.74603750599396,3.29780734791864,0.00165728365536526,0.0366433460362065,0.0366433460362065,"ASAH1/HSD17B12/PARK7/PNPLA8/SDS/ITPKC/UROS/ANGPTL4/ENO1/SELENOS/PGAM1/ACOX1/ADCYAP1R1/MGLL/CYB5R3/SLC39A14/FADS2/GPX4/DKK3/MGST3/CD74/HACD3/ADI1/FABP5/GLUL/GSTP1/FADS1/APOE/ARPP19/ACAA2/CBR1",31
"PD (Down)","GO:0033993","response to lipid","42/511","449/8692",0.0935412026726058,1.59111572139,3.21436476886029,0.0017353665200373,0.0367070363237922,0.0367070363237922,"TRIM5/PARK7/CEBPB/B2M/HMGB2/PARP1/FIS1/SELENOS/AKAP12/WBP2/ZFP36/MTDH/ADCYAP1R1/MT-ND3/SOD2/AQP1/PLSCR4/KRAS/CALM3/RAN/JUNB/DAB2IP/ZFP36L2/GPX4/GPR155/RHOA/ZFP36L1/FAM107A/FGFR2/IGFBP7/CALR/CD38/HES1/BTG2/DAG1/GSTP1/EEF2/ANXA7/JUND/VIM/TXNIP/SOX9",42
"PD (Down)","GO:0090314","positive regulation of protein targeting to membrane","5/511","16/8692",0.3125,5.31555772994129,4.31796660278613,0.00174893812569188,0.0367070363237922,0.0367070363237922,"HPCA/STOM/CIB1/PRNP/ERBB2",5
"PD (Down)","GO:0097062","dendritic spine maintenance","5/511","16/8692",0.3125,5.31555772994129,4.31796660278613,0.00174893812569188,0.0367070363237922,0.0367070363237922,"PRNP/NEDD9/CFL1/APOE/VPS35",5
"PD (Down)","GO:0002831","regulation of response to biotic stimulus","32/511","316/8692",0.10126582278481,1.72250984666452,3.26972408147416,0.00174992875380031,0.0367070363237922,0.0367070363237922,"TRIM5/C3/HLA-E/ISG15/PLSCR1/XRCC6/B2M/SERPING1/IFI16/HMGB2/PARP1/LAMP1/SYT11/MFHAS1/HLA-A/HLA-C/PML/YWHAE/NOD1/PARP9/DAB2IP/NLRP1/STAT1/FBXO2/NFKBIA/C1QBP/RPS19/DDX3X/ZDHHC3/TRIM22/APOE/PARP14",32
"PD (Down)","GO:1904951","positive regulation of establishment of protein localization","20/511","167/8692",0.119760479041916,2.03709996836073,3.38200146550876,0.00183402359416938,0.0370141450289756,0.0370141450289756,"ZDHHC2/PHPT1/HPCA/VPS28/LRRC8A/STOM/YWHAE/CIB1/RAN/PRNP/BSG/TMED10/ERBB2/CD81/CD38/RACK1/ALDOA/APOE/VPS35/B3GAT3",20
"PD (Down)","GO:2000146","negative regulation of cell motility","21/511","179/8692",0.11731843575419,1.99556133772098,3.36353034452719,0.00184665848790877,0.0370141450289756,0.0370141450289756,"BST2/IDH2/ATP1B2/CD63/GJA1/CLIC4/RHOB/ADGRG1/STK24/DAB2IP/RHOA/CD74/DPYSL3/CALR/FGF2/DAG1/GSTP1/NEDD9/GADD45A/CFL1/APOE",21
"PD (Down)","GO:0003012","muscle system process","27/511","253/8692",0.106719367588933,1.81527346982975,3.28897222425177,0.00185782982811275,0.0370141450289756,0.0370141450289756,"LMOD1/MTPN/SSPN/SRI/RPL7A/STUB1/PARP1/RPL41/CALM1/ENO1/GJA1/RPL13/RPL28/CALM3/AGT/RPL15/C12orf57/RPL18/UBA52/CD38/DAG1/EEF2/ALDOA/JUND/RPL29/RPL19/RPL8",27
"PD (Down)","GO:0002501","peptide antigen assembly with MHC protein complex","4/511","10/8692",0.4,6.80391389432485,4.589371334213,0.00186492416210157,0.0370141450289756,0.0370141450289756,"B2M/HLA-A/CALR/TAPBP",4
"PD (Down)","GO:0044829","host-mediated activation of viral genome replication","4/511","10/8692",0.4,6.80391389432485,4.589371334213,0.00186492416210157,0.0370141450289756,0.0370141450289756,"STOM/NUCKS1/EEF1A1/PPIB",4
"PD (Down)","GO:0072234","metanephric nephron tubule development","4/511","10/8692",0.4,6.80391389432485,4.589371334213,0.00186492416210157,0.0370141450289756,0.0370141450289756,"AQP1/STAT1/HES1/SOX9",4
"PD (Down)","GO:0050878","regulation of body fluid levels","19/511","156/8692",0.121794871794872,2.07170455115661,3.37561027127163,0.00194224916606263,0.0382061991510809,0.0382061991510809,"CD59/FN1/PLSCR1/CSRP1/GNAI2/SERPING1/ANGPTL4/CD9/WFS1/F3/PROS1/AQP1/ADGRG1/ACTB/ANXA5/DDR1/ACTG1/APOE/MT-CO2",19
"PD (Down)","GO:0030855","epithelial cell differentiation","25/511","231/8692",0.108225108225108,1.84088579391906,3.23723544279629,0.00223267244280929,0.0435321948540701,0.0435321948540701,"ASAH1/BTG1/ID2/CNN3/CEBPB/CD63/ZFP36/CLIC4/LGALS3/STAT1/RHOA/PLEC/ZFP36L1/FGFR2/GSTM3/FSTL1/FGF2/HES1/PSAP/ANXA7/TUBB/CTSB/TXNIP/SOX9/CBR1",25
"PD (Down)","GO:0045806","negative regulation of endocytosis","8/511","41/8692",0.195121951219512,3.31898238747554,3.71961809057644,0.00230445189495586,0.0443456699438028,0.0443456699438028,"PLSCR1/CD47/B2M/SYT11/SDCBP/LGALS3/LRPAP1/RACK1",8
"PD (Down)","GO:1900242","regulation of synaptic vesicle endocytosis","5/511","17/8692",0.294117647058824,5.00287786347416,4.12861310430823,0.00235930035643238,0.0450097559378004,0.0450097559378004,"PARK7/SYT11/CALM3/ACTB/ACTG1",5
"PD (Down)","GO:0050866","negative regulation of cell activation","14/511","102/8692",0.137254901960784,2.33467633628794,3.38861003943518,0.00245749105456391,0.0457851596076056,0.0457851596076056,"FN1/HLA-E/SDC4/ID2/CEBPB/SYT11/CD9/LGALS1/PSMB1/LGALS3/PRNP/PSMA7/VSIR/APOE",14
"PD (Down)","GO:0042176","regulation of protein catabolic process","28/511","272/8692",0.102941176470588,1.75100725221595,3.14495666667112,0.00262471245594899,0.0478064910700833,0.0478064910700833,"PSMD7/ZDHHC2/ELOB/CLU/PARK7/STUB1/GABARAPL2/VPS28/PML/TIMP3/PSMB1/NUPR1/EEF1A1/CST3/MAP1A/DAB2IP/UBB/FBXO2/CD81/RACK1/PSMA7/PSMB5/APOE/VPS35/GFAP/TMEM9/PINK1/TIPARP",28
"PD (Down)","GO:0051881","regulation of mitochondrial membrane potential","8/511","42/8692",0.19047619047619,3.23995899729755,3.63662725082176,0.00270342395696015,0.0488381813612475,0.0488381813612475,"PARK7/PARP1/BNIP3/IFI6/UBB/RACK1/PINK1/ARL6IP5",8
"PD (Down)","GO:0050673","epithelial cell proliferation","19/511","161/8692",0.118012422360248,2.00736590049957,3.22435121491696,0.00279424820529447,0.0498892797803837,0.0498892797803837,"ID2/CEBPB/B2M/HMGB2/SPARC/F3/ZFP36/NUPR1/PTN/DAB2IP/STAT1/ZFP36L1/ERBB2/FGFR2/FGF2/VEGFB/JUND/APOE/SOX9",19
"PD (Down)","GO:1900407","regulation of cellular response to oxidative stress","4/511","11/8692",0.363636363636364,6.18537626756805,4.30064771304019,0.00279542281643361,0.0498892797803837,0.0498892797803837,"PNPLA8/ADCYAP1R1/FADS2/PINK1",4
